user_email,window_type,window_start,window_end,leave_total,leave_approved,leave_rejected,doc_total,doc_approved,doc_rejected,total_requests,total_approved,total_rejected,overall_approval_rate
user49@gmail.com,month,2026-11-01,2026-11-30,3,3,0,6,1,5,9,4,5,0.4444
user14@umindanao.edu.ph,month,2026-12-01,2026-12-31,6,2,4,1,1,0,7,3,4,0.4286
user246@umindanao.edu.ph,year,2026-01-01,2026-12-31,2,1,1,3,3,0,5,4,1,0.8
user258@gmail.com,month,2026-02-01,2026-02-28,0,0,0,1,1,0,1,1,0,1
user277@gmail.com,month,2026-01-01,2026-01-31,6,2,4,3,2,1,9,4,5,0.4444
user260@gmail.com,month,2026-05-01,2026-05-31,1,0,1,1,0,1,2,0,2,0
user236@example.com,year,2025-01-01,2025-12-31,5,3,2,0,0,0,5,3,2,0.6
user227@gmail.com,month,2026-08-01,2026-08-31,6,3,3,5,1,4,11,4,7,0.3636
user123@example.com,year,2026-01-01,2026-12-31,0,0,0,3,3,0,3,3,0,1
user164@umindanao.edu.ph,month,2026-09-01,2026-09-30,5,1,4,4,1,3,9,2,7,0.2222
user193@gmail.com,month,2026-08-01,2026-08-31,3,0,3,5,2,3,8,2,6,0.25
user171@gmail.com,month,2026-01-01,2026-01-31,7,2,5,6,5,1,13,7,6,0.5385
user246@example.com,year,2024-01-01,2024-12-31,0,0,0,5,1,4,5,1,4,0.2
user43@example.com,month,2026-01-01,2026-01-31,0,0,0,0,0,0,0,0,0,0
user140@example.com,year,2025-01-01,2025-12-31,1,1,0,5,2,3,6,3,3,0.5
user37@umindanao.edu.ph,year,2025-01-01,2025-12-31,2,1,1,3,1,2,5,2,3,0.4
user275@example.com,month,2026-01-01,2026-01-31,3,1,2,6,0,6,9,1,8,0.1111
user175@umindanao.edu.ph,year,2026-01-01,2026-12-31,7,0,7,1,1,0,8,1,7,0.125
user70@umindanao.edu.ph,year,2024-01-01,2024-12-31,7,0,7,5,2,3,12,2,10,0.1667
user163@example.com,year,2026-01-01,2026-12-31,7,1,6,6,4,2,13,5,8,0.3846
user241@gmail.com,year,2026-01-01,2026-12-31,5,1,4,1,1,0,6,2,4,0.3333
user173@gmail.com,year,2026-01-01,2026-12-31,7,3,4,7,2,5,14,5,9,0.3571
user219@umindanao.edu.ph,year,2024-01-01,2024-12-31,6,4,2,3,0,3,9,4,5,0.4444
user6@gmail.com,month,2026-12-01,2026-12-31,0,0,0,6,5,1,6,5,1,0.8333
user230@example.com,year,2026-01-01,2026-12-31,7,6,1,5,0,5,12,6,6,0.5
user240@gmail.com,month,2026-11-01,2026-11-30,7,2,5,2,0,2,9,2,7,0.2222
user156@gmail.com,year,2024-01-01,2024-12-31,5,2,3,2,2,0,7,4,3,0.5714
user49@gmail.com,month,2026-10-01,2026-10-31,6,1,5,5,5,0,11,6,5,0.5455
user188@example.com,month,2026-02-01,2026-02-28,6,4,2,3,3,0,9,7,2,0.7778
user298@gmail.com,month,2026-02-01,2026-02-28,4,4,0,0,0,0,4,4,0,1
user127@example.com,year,2024-01-01,2024-12-31,4,2,2,2,0,2,6,2,4,0.3333
user145@umindanao.edu.ph,year,2026-01-01,2026-12-31,3,3,0,6,5,1,9,8,1,0.8889
user97@gmail.com,month,2026-04-01,2026-04-30,1,0,1,2,0,2,3,0,3,0
user242@example.com,month,2026-04-01,2026-04-30,6,2,4,5,4,1,11,6,5,0.5455
user76@gmail.com,month,2026-05-01,2026-05-31,1,1,0,2,1,1,3,2,1,0.6667
user14@gmail.com,month,2026-03-01,2026-03-31,0,0,0,3,0,3,3,0,3,0
user203@example.com,year,2025-01-01,2025-12-31,6,0,6,7,4,3,13,4,9,0.3077
user119@umindanao.edu.ph,year,2024-01-01,2024-12-31,7,0,7,1,0,1,8,0,8,0
user110@gmail.com,month,2026-09-01,2026-09-30,1,1,0,6,0,6,7,1,6,0.1429
user161@example.com,year,2025-01-01,2025-12-31,2,2,0,5,4,1,7,6,1,0.8571
user245@umindanao.edu.ph,year,2024-01-01,2024-12-31,0,0,0,1,0,1,1,0,1,0
user122@umindanao.edu.ph,year,2025-01-01,2025-12-31,4,3,1,3,3,0,7,6,1,0.8571
user254@umindanao.edu.ph,year,2026-01-01,2026-12-31,4,2,2,3,0,3,7,2,5,0.2857
user37@gmail.com,year,2025-01-01,2025-12-31,3,1,2,1,1,0,4,2,2,0.5
user97@example.com,year,2025-01-01,2025-12-31,1,1,0,4,4,0,5,5,0,1
user126@example.com,year,2024-01-01,2024-12-31,7,2,5,6,1,5,13,3,10,0.2308
user77@example.com,year,2024-01-01,2024-12-31,6,0,6,7,6,1,13,6,7,0.4615
user277@gmail.com,year,2026-01-01,2026-12-31,5,2,3,2,2,0,7,4,3,0.5714
user111@example.com,month,2026-08-01,2026-08-31,6,6,0,7,5,2,13,11,2,0.8462
user236@example.com,year,2025-01-01,2025-12-31,0,0,0,7,4,3,7,4,3,0.5714
user29@gmail.com,year,2025-01-01,2025-12-31,3,0,3,5,4,1,8,4,4,0.5
user16@gmail.com,year,2026-01-01,2026-12-31,0,0,0,3,0,3,3,0,3,0
user222@umindanao.edu.ph,month,2026-08-01,2026-08-31,0,0,0,6,5,1,6,5,1,0.8333
user96@umindanao.edu.ph,year,2025-01-01,2025-12-31,6,1,5,6,3,3,12,4,8,0.3333
user238@umindanao.edu.ph,month,2026-01-01,2026-01-31,3,0,3,7,0,7,10,0,10,0
user25@umindanao.edu.ph,year,2025-01-01,2025-12-31,0,0,0,3,1,2,3,1,2,0.3333
user131@example.com,year,2024-01-01,2024-12-31,6,4,2,3,0,3,9,4,5,0.4444
user274@umindanao.edu.ph,month,2026-07-01,2026-07-31,6,3,3,2,0,2,8,3,5,0.375
user205@gmail.com,year,2024-01-01,2024-12-31,2,0,2,2,1,1,4,1,3,0.25
user119@umindanao.edu.ph,year,2026-01-01,2026-12-31,3,1,2,4,1,3,7,2,5,0.2857
user187@gmail.com,year,2026-01-01,2026-12-31,4,0,4,5,1,4,9,1,8,0.1111
user179@umindanao.edu.ph,month,2026-06-01,2026-06-30,3,2,1,0,0,0,3,2,1,0.6667
user85@umindanao.edu.ph,month,2026-02-01,2026-02-28,4,1,3,6,4,2,10,5,5,0.5
user203@gmail.com,month,2026-05-01,2026-05-31,4,4,0,1,1,0,5,5,0,1
user119@example.com,month,2026-05-01,2026-05-31,7,6,1,4,2,2,11,8,3,0.7273
user291@umindanao.edu.ph,year,2024-01-01,2024-12-31,2,1,1,5,1,4,7,2,5,0.2857
user54@gmail.com,year,2024-01-01,2024-12-31,4,0,4,1,1,0,5,1,4,0.2
user291@umindanao.edu.ph,month,2026-04-01,2026-04-30,4,1,3,3,3,0,7,4,3,0.5714
user139@example.com,month,2026-06-01,2026-06-30,3,1,2,3,0,3,6,1,5,0.1667
user157@gmail.com,year,2025-01-01,2025-12-31,6,0,6,3,0,3,9,0,9,0
user89@umindanao.edu.ph,year,2026-01-01,2026-12-31,4,0,4,5,5,0,9,5,4,0.5556
user34@example.com,month,2026-10-01,2026-10-31,4,1,3,4,2,2,8,3,5,0.375
user289@umindanao.edu.ph,month,2026-12-01,2026-12-31,7,2,5,7,3,4,14,5,9,0.3571
user132@umindanao.edu.ph,month,2026-03-01,2026-03-31,3,1,2,3,0,3,6,1,5,0.1667
user156@gmail.com,month,2026-11-01,2026-11-30,3,3,0,7,4,3,10,7,3,0.7
user32@umindanao.edu.ph,month,2026-05-01,2026-05-31,5,2,3,6,1,5,11,3,8,0.2727
user56@example.com,year,2024-01-01,2024-12-31,2,0,2,1,0,1,3,0,3,0
user23@gmail.com,month,2026-05-01,2026-05-31,6,5,1,5,1,4,11,6,5,0.5455
user89@example.com,month,2026-05-01,2026-05-31,2,0,2,7,7,0,9,7,2,0.7778
user218@umindanao.edu.ph,year,2024-01-01,2024-12-31,1,1,0,5,0,5,6,1,5,0.1667
user222@gmail.com,year,2025-01-01,2025-12-31,0,0,0,7,3,4,7,3,4,0.4286
user80@gmail.com,month,2026-02-01,2026-02-28,6,0,6,3,3,0,9,3,6,0.3333
user169@gmail.com,year,2026-01-01,2026-12-31,0,0,0,3,1,2,3,1,2,0.3333
user81@gmail.com,month,2026-08-01,2026-08-31,2,0,2,6,6,0,8,6,2,0.75
user246@gmail.com,month,2026-12-01,2026-12-31,5,3,2,2,0,2,7,3,4,0.4286
user87@gmail.com,month,2026-10-01,2026-10-31,0,0,0,0,0,0,0,0,0,0
user256@umindanao.edu.ph,month,2026-11-01,2026-11-30,0,0,0,3,1,2,3,1,2,0.3333
user157@gmail.com,month,2026-06-01,2026-06-30,4,0,4,6,5,1,10,5,5,0.5
user71@gmail.com,year,2025-01-01,2025-12-31,3,1,2,1,0,1,4,1,3,0.25
user95@umindanao.edu.ph,year,2024-01-01,2024-12-31,1,1,0,1,0,1,2,1,1,0.5
user284@example.com,month,2026-09-01,2026-09-30,4,2,2,1,0,1,5,2,3,0.4
user244@gmail.com,month,2026-07-01,2026-07-31,3,1,2,0,0,0,3,1,2,0.3333
user8@umindanao.edu.ph,month,2026-06-01,2026-06-30,3,3,0,2,1,1,5,4,1,0.8
user62@umindanao.edu.ph,year,2024-01-01,2024-12-31,3,3,0,3,3,0,6,6,0,1
user110@example.com,year,2025-01-01,2025-12-31,7,0,7,4,3,1,11,3,8,0.2727
user135@gmail.com,year,2025-01-01,2025-12-31,5,0,5,3,3,0,8,3,5,0.375
user271@example.com,year,2026-01-01,2026-12-31,3,2,1,6,6,0,9,8,1,0.8889
user152@example.com,month,2026-11-01,2026-11-30,6,3,3,2,0,2,8,3,5,0.375
user242@example.com,year,2024-01-01,2024-12-31,4,0,4,3,2,1,7,2,5,0.2857
user109@example.com,month,2026-05-01,2026-05-31,1,0,1,6,0,6,7,0,7,0
user9@example.com,month,2026-03-01,2026-03-31,2,0,2,2,2,0,4,2,2,0.5
user203@umindanao.edu.ph,month,2026-10-01,2026-10-31,6,4,2,1,0,1,7,4,3,0.5714
user227@gmail.com,month,2026-05-01,2026-05-31,6,0,6,6,2,4,12,2,10,0.1667
user66@umindanao.edu.ph,year,2024-01-01,2024-12-31,3,1,2,7,1,6,10,2,8,0.2
user270@gmail.com,month,2026-12-01,2026-12-31,1,0,1,7,4,3,8,4,4,0.5
user103@umindanao.edu.ph,year,2024-01-01,2024-12-31,3,1,2,5,4,1,8,5,3,0.625
user220@umindanao.edu.ph,year,2024-01-01,2024-12-31,7,6,1,3,2,1,10,8,2,0.8
user161@umindanao.edu.ph,month,2026-09-01,2026-09-30,3,1,2,7,7,0,10,8,2,0.8
user214@gmail.com,year,2026-01-01,2026-12-31,0,0,0,4,1,3,4,1,3,0.25
user165@umindanao.edu.ph,month,2026-03-01,2026-03-31,6,3,3,7,6,1,13,9,4,0.6923
user120@gmail.com,month,2026-12-01,2026-12-31,6,1,5,5,1,4,11,2,9,0.1818
user290@umindanao.edu.ph,month,2026-11-01,2026-11-30,6,2,4,4,1,3,10,3,7,0.3
user226@gmail.com,month,2026-06-01,2026-06-30,5,3,2,4,0,4,9,3,6,0.3333
user19@umindanao.edu.ph,month,2026-11-01,2026-11-30,6,4,2,6,5,1,12,9,3,0.75
user103@gmail.com,month,2026-03-01,2026-03-31,4,4,0,3,3,0,7,7,0,1
user73@umindanao.edu.ph,month,2026-10-01,2026-10-31,5,2,3,1,0,1,6,2,4,0.3333
user233@umindanao.edu.ph,year,2025-01-01,2025-12-31,1,1,0,3,2,1,4,3,1,0.75
user236@gmail.com,year,2024-01-01,2024-12-31,6,5,1,5,1,4,11,6,5,0.5455
user91@umindanao.edu.ph,month,2026-05-01,2026-05-31,2,2,0,5,5,0,7,7,0,1
user295@gmail.com,month,2026-04-01,2026-04-30,7,5,2,2,0,2,9,5,4,0.5556
user69@umindanao.edu.ph,month,2026-05-01,2026-05-31,5,3,2,5,2,3,10,5,5,0.5
user138@gmail.com,year,2024-01-01,2024-12-31,3,0,3,2,2,0,5,2,3,0.4
user31@umindanao.edu.ph,month,2026-09-01,2026-09-30,4,1,3,6,0,6,10,1,9,0.1
user191@umindanao.edu.ph,month,2026-12-01,2026-12-31,0,0,0,4,0,4,4,0,4,0
user207@umindanao.edu.ph,year,2025-01-01,2025-12-31,5,1,4,6,2,4,11,3,8,0.2727
user243@example.com,month,2026-11-01,2026-11-30,7,6,1,3,0,3,10,6,4,0.6
user105@example.com,month,2026-07-01,2026-07-31,7,6,1,7,3,4,14,9,5,0.6429
user67@umindanao.edu.ph,year,2025-01-01,2025-12-31,1,1,0,5,3,2,6,4,2,0.6667
user103@example.com,month,2026-10-01,2026-10-31,5,0,5,0,0,0,5,0,5,0
user210@umindanao.edu.ph,month,2026-12-01,2026-12-31,4,3,1,3,3,0,7,6,1,0.8571
user130@gmail.com,month,2026-05-01,2026-05-31,3,1,2,6,1,5,9,2,7,0.2222
user27@umindanao.edu.ph,year,2024-01-01,2024-12-31,7,7,0,7,6,1,14,13,1,0.9286
user25@example.com,month,2026-11-01,2026-11-30,1,0,1,4,4,0,5,4,1,0.8
user68@gmail.com,year,2025-01-01,2025-12-31,3,0,3,4,2,2,7,2,5,0.2857
user270@umindanao.edu.ph,year,2026-01-01,2026-12-31,0,0,0,7,3,4,7,3,4,0.4286
user275@example.com,month,2026-08-01,2026-08-31,5,1,4,3,2,1,8,3,5,0.375
user186@gmail.com,month,2026-02-01,2026-02-28,6,1,5,5,3,2,11,4,7,0.3636
user220@gmail.com,month,2026-09-01,2026-09-30,2,0,2,6,5,1,8,5,3,0.625
user202@umindanao.edu.ph,month,2026-12-01,2026-12-31,1,0,1,3,3,0,4,3,1,0.75
user141@gmail.com,year,2024-01-01,2024-12-31,6,2,4,3,0,3,9,2,7,0.2222
user22@gmail.com,month,2026-09-01,2026-09-30,0,0,0,6,2,4,6,2,4,0.3333
user214@gmail.com,year,2026-01-01,2026-12-31,5,2,3,2,0,2,7,2,5,0.2857
user149@gmail.com,month,2026-10-01,2026-10-31,5,0,5,2,0,2,7,0,7,0
user141@gmail.com,year,2025-01-01,2025-12-31,3,3,0,3,0,3,6,3,3,0.5
user170@example.com,year,2025-01-01,2025-12-31,0,0,0,4,4,0,4,4,0,1
user105@gmail.com,year,2026-01-01,2026-12-31,4,1,3,0,0,0,4,1,3,0.25
user188@gmail.com,year,2024-01-01,2024-12-31,3,0,3,2,1,1,5,1,4,0.2
user2@example.com,month,2026-01-01,2026-01-31,3,3,0,5,4,1,8,7,1,0.875
user81@gmail.com,month,2026-11-01,2026-11-30,3,2,1,1,1,0,4,3,1,0.75
user264@example.com,year,2025-01-01,2025-12-31,4,4,0,6,0,6,10,4,6,0.4
user28@umindanao.edu.ph,year,2026-01-01,2026-12-31,1,1,0,2,2,0,3,3,0,1
user212@umindanao.edu.ph,month,2026-09-01,2026-09-30,5,1,4,5,3,2,10,4,6,0.4
user290@umindanao.edu.ph,month,2026-06-01,2026-06-30,2,1,1,6,1,5,8,2,6,0.25
user283@umindanao.edu.ph,year,2024-01-01,2024-12-31,7,0,7,1,0,1,8,0,8,0
user57@example.com,month,2026-06-01,2026-06-30,5,5,0,3,3,0,8,8,0,1
user128@example.com,month,2026-09-01,2026-09-30,5,1,4,1,1,0,6,2,4,0.3333
user132@example.com,year,2026-01-01,2026-12-31,3,1,2,6,5,1,9,6,3,0.6667
user270@gmail.com,year,2025-01-01,2025-12-31,6,6,0,6,0,6,12,6,6,0.5
user215@umindanao.edu.ph,year,2025-01-01,2025-12-31,1,1,0,3,2,1,4,3,1,0.75
user88@gmail.com,month,2026-12-01,2026-12-31,3,0,3,2,2,0,5,2,3,0.4
user30@example.com,month,2026-09-01,2026-09-30,7,5,2,5,3,2,12,8,4,0.6667
user138@example.com,month,2026-04-01,2026-04-30,7,5,2,1,0,1,8,5,3,0.625
user19@gmail.com,month,2026-11-01,2026-11-30,6,5,1,6,6,0,12,11,1,0.9167
user113@umindanao.edu.ph,year,2025-01-01,2025-12-31,3,3,0,1,1,0,4,4,0,1
user97@umindanao.edu.ph,year,2024-01-01,2024-12-31,1,1,0,3,0,3,4,1,3,0.25
user44@umindanao.edu.ph,month,2026-10-01,2026-10-31,0,0,0,7,4,3,7,4,3,0.5714
user104@umindanao.edu.ph,year,2024-01-01,2024-12-31,3,3,0,0,0,0,3,3,0,1
user163@umindanao.edu.ph,year,2024-01-01,2024-12-31,4,1,3,5,0,5,9,1,8,0.1111
user157@gmail.com,year,2024-01-01,2024-12-31,3,3,0,2,0,2,5,3,2,0.6
user18@example.com,year,2024-01-01,2024-12-31,1,0,1,3,3,0,4,3,1,0.75
user102@example.com,month,2026-03-01,2026-03-31,2,0,2,2,2,0,4,2,2,0.5
user146@example.com,year,2026-01-01,2026-12-31,1,0,1,5,2,3,6,2,4,0.3333
user223@gmail.com,month,2026-09-01,2026-09-30,0,0,0,1,1,0,1,1,0,1
user222@example.com,month,2026-07-01,2026-07-31,1,1,0,4,2,2,5,3,2,0.6
user224@gmail.com,month,2026-08-01,2026-08-31,4,4,0,5,5,0,9,9,0,1
user119@gmail.com,month,2026-01-01,2026-01-31,4,4,0,3,1,2,7,5,2,0.7143
user12@example.com,year,2025-01-01,2025-12-31,5,4,1,5,0,5,10,4,6,0.4
user120@gmail.com,month,2026-05-01,2026-05-31,2,0,2,1,1,0,3,1,2,0.3333
user38@umindanao.edu.ph,year,2025-01-01,2025-12-31,2,2,0,1,0,1,3,2,1,0.6667
user99@gmail.com,month,2026-08-01,2026-08-31,0,0,0,0,0,0,0,0,0,0
user282@example.com,month,2026-12-01,2026-12-31,7,3,4,6,0,6,13,3,10,0.2308
user174@gmail.com,year,2025-01-01,2025-12-31,2,1,1,3,3,0,5,4,1,0.8
user181@example.com,year,2026-01-01,2026-12-31,5,0,5,6,5,1,11,5,6,0.4545
user128@example.com,year,2024-01-01,2024-12-31,3,2,1,0,0,0,3,2,1,0.6667
user247@example.com,year,2026-01-01,2026-12-31,7,2,5,4,0,4,11,2,9,0.1818
user162@umindanao.edu.ph,month,2026-12-01,2026-12-31,0,0,0,6,3,3,6,3,3,0.5
user118@umindanao.edu.ph,month,2026-12-01,2026-12-31,0,0,0,0,0,0,0,0,0,0
user269@gmail.com,month,2026-03-01,2026-03-31,1,1,0,0,0,0,1,1,0,1
user247@umindanao.edu.ph,month,2026-09-01,2026-09-30,0,0,0,1,0,1,1,0,1,0
user290@example.com,month,2026-07-01,2026-07-31,7,7,0,4,2,2,11,9,2,0.8182
user210@gmail.com,month,2026-04-01,2026-04-30,7,4,3,7,5,2,14,9,5,0.6429
user230@gmail.com,year,2026-01-01,2026-12-31,3,2,1,0,0,0,3,2,1,0.6667
user185@gmail.com,month,2026-05-01,2026-05-31,4,0,4,5,5,0,9,5,4,0.5556
user265@example.com,year,2026-01-01,2026-12-31,1,0,1,5,4,1,6,4,2,0.6667
user168@umindanao.edu.ph,month,2026-03-01,2026-03-31,7,7,0,5,0,5,12,7,5,0.5833
user113@umindanao.edu.ph,year,2024-01-01,2024-12-31,3,3,0,4,2,2,7,5,2,0.7143
user253@umindanao.edu.ph,year,2024-01-01,2024-12-31,4,1,3,6,5,1,10,6,4,0.6
user115@example.com,year,2025-01-01,2025-12-31,6,3,3,1,0,1,7,3,4,0.4286
user196@umindanao.edu.ph,year,2024-01-01,2024-12-31,0,0,0,7,7,0,7,7,0,1
user121@gmail.com,month,2026-04-01,2026-04-30,6,0,6,7,5,2,13,5,8,0.3846
user184@gmail.com,month,2026-01-01,2026-01-31,5,3,2,4,2,2,9,5,4,0.5556
user215@umindanao.edu.ph,month,2026-02-01,2026-02-28,6,1,5,6,4,2,12,5,7,0.4167
user213@example.com,month,2026-11-01,2026-11-30,5,3,2,5,0,5,10,3,7,0.3
user112@umindanao.edu.ph,month,2026-05-01,2026-05-31,5,4,1,1,0,1,6,4,2,0.6667
user81@gmail.com,month,2026-06-01,2026-06-30,0,0,0,0,0,0,0,0,0,0
user6@gmail.com,year,2025-01-01,2025-12-31,5,1,4,3,2,1,8,3,5,0.375
user290@umindanao.edu.ph,year,2025-01-01,2025-12-31,3,0,3,5,1,4,8,1,7,0.125
user221@umindanao.edu.ph,year,2026-01-01,2026-12-31,7,6,1,2,0,2,9,6,3,0.6667
user115@umindanao.edu.ph,year,2025-01-01,2025-12-31,2,2,0,6,6,0,8,8,0,1
user75@gmail.com,year,2025-01-01,2025-12-31,0,0,0,0,0,0,0,0,0,0
user3@umindanao.edu.ph,month,2026-03-01,2026-03-31,3,1,2,7,7,0,10,8,2,0.8
user80@gmail.com,year,2026-01-01,2026-12-31,6,4,2,3,1,2,9,5,4,0.5556
user35@gmail.com,month,2026-05-01,2026-05-31,5,0,5,5,0,5,10,0,10,0
user216@umindanao.edu.ph,year,2024-01-01,2024-12-31,1,0,1,1,1,0,2,1,1,0.5
user60@umindanao.edu.ph,year,2024-01-01,2024-12-31,4,0,4,2,1,1,6,1,5,0.1667
user183@gmail.com,month,2026-08-01,2026-08-31,1,0,1,2,2,0,3,2,1,0.6667
user237@umindanao.edu.ph,year,2026-01-01,2026-12-31,5,5,0,5,0,5,10,5,5,0.5
user17@umindanao.edu.ph,year,2026-01-01,2026-12-31,3,2,1,0,0,0,3,2,1,0.6667
user114@gmail.com,year,2025-01-01,2025-12-31,6,4,2,5,0,5,11,4,7,0.3636
user140@example.com,month,2026-12-01,2026-12-31,5,3,2,6,2,4,11,5,6,0.4545
user127@umindanao.edu.ph,month,2026-02-01,2026-02-28,1,1,0,0,0,0,1,1,0,1
user38@umindanao.edu.ph,month,2026-08-01,2026-08-31,3,3,0,3,1,2,6,4,2,0.6667
user45@gmail.com,month,2026-02-01,2026-02-28,6,3,3,0,0,0,6,3,3,0.5
user100@gmail.com,month,2026-04-01,2026-04-30,5,5,0,3,3,0,8,8,0,1
user254@example.com,month,2026-06-01,2026-06-30,2,1,1,3,1,2,5,2,3,0.4
user118@gmail.com,month,2026-11-01,2026-11-30,1,1,0,5,4,1,6,5,1,0.8333
user75@umindanao.edu.ph,month,2026-01-01,2026-01-31,4,1,3,5,4,1,9,5,4,0.5556
user28@example.com,year,2024-01-01,2024-12-31,7,6,1,2,0,2,9,6,3,0.6667
user247@umindanao.edu.ph,month,2026-09-01,2026-09-30,2,2,0,0,0,0,2,2,0,1
user257@example.com,year,2025-01-01,2025-12-31,4,4,0,4,2,2,8,6,2,0.75
user74@example.com,year,2024-01-01,2024-12-31,6,5,1,6,2,4,12,7,5,0.5833
user78@example.com,year,2024-01-01,2024-12-31,4,3,1,5,1,4,9,4,5,0.4444
user132@umindanao.edu.ph,month,2026-01-01,2026-01-31,6,5,1,7,5,2,13,10,3,0.7692
user144@gmail.com,year,2026-01-01,2026-12-31,2,1,1,4,3,1,6,4,2,0.6667
user22@umindanao.edu.ph,month,2026-06-01,2026-06-30,7,4,3,2,1,1,9,5,4,0.5556
user72@umindanao.edu.ph,month,2026-11-01,2026-11-30,2,2,0,0,0,0,2,2,0,1
user131@umindanao.edu.ph,year,2024-01-01,2024-12-31,6,5,1,3,2,1,9,7,2,0.7778
user218@gmail.com,month,2026-06-01,2026-06-30,5,5,0,1,1,0,6,6,0,1
user125@gmail.com,month,2026-04-01,2026-04-30,3,1,2,3,0,3,6,1,5,0.1667
user51@umindanao.edu.ph,month,2026-05-01,2026-05-31,4,2,2,6,4,2,10,6,4,0.6
user50@umindanao.edu.ph,month,2026-10-01,2026-10-31,6,3,3,1,0,1,7,3,4,0.4286
user176@example.com,month,2026-03-01,2026-03-31,6,1,5,4,3,1,10,4,6,0.4
user64@umindanao.edu.ph,year,2025-01-01,2025-12-31,1,0,1,1,1,0,2,1,1,0.5
user159@example.com,month,2026-05-01,2026-05-31,2,1,1,2,1,1,4,2,2,0.5
user49@umindanao.edu.ph,year,2026-01-01,2026-12-31,4,0,4,5,5,0,9,5,4,0.5556
user257@umindanao.edu.ph,year,2025-01-01,2025-12-31,7,1,6,1,0,1,8,1,7,0.125
user154@example.com,month,2026-03-01,2026-03-31,6,5,1,1,0,1,7,5,2,0.7143
user215@umindanao.edu.ph,month,2026-03-01,2026-03-31,0,0,0,3,1,2,3,1,2,0.3333
user91@umindanao.edu.ph,year,2025-01-01,2025-12-31,6,2,4,6,5,1,12,7,5,0.5833
user142@example.com,month,2026-08-01,2026-08-31,5,0,5,1,1,0,6,1,5,0.1667
user72@gmail.com,month,2026-04-01,2026-04-30,2,2,0,3,3,0,5,5,0,1
user268@example.com,month,2026-05-01,2026-05-31,0,0,0,3,1,2,3,1,2,0.3333
user281@umindanao.edu.ph,year,2026-01-01,2026-12-31,3,1,2,7,2,5,10,3,7,0.3
user237@gmail.com,month,2026-06-01,2026-06-30,2,2,0,0,0,0,2,2,0,1
user29@umindanao.edu.ph,month,2026-10-01,2026-10-31,3,0,3,2,2,0,5,2,3,0.4
user144@gmail.com,month,2026-02-01,2026-02-28,7,5,2,2,1,1,9,6,3,0.6667
user235@gmail.com,year,2024-01-01,2024-12-31,4,3,1,6,2,4,10,5,5,0.5
user214@gmail.com,month,2026-04-01,2026-04-30,4,2,2,0,0,0,4,2,2,0.5
user121@gmail.com,month,2026-10-01,2026-10-31,7,7,0,2,0,2,9,7,2,0.7778
user85@umindanao.edu.ph,year,2026-01-01,2026-12-31,2,1,1,1,1,0,3,2,1,0.6667
user267@umindanao.edu.ph,month,2026-05-01,2026-05-31,6,4,2,0,0,0,6,4,2,0.6667
user227@umindanao.edu.ph,month,2026-06-01,2026-06-30,4,2,2,1,1,0,5,3,2,0.6
user53@gmail.com,month,2026-02-01,2026-02-28,1,0,1,4,0,4,5,0,5,0
user106@gmail.com,month,2026-12-01,2026-12-31,6,0,6,1,0,1,7,0,7,0
user8@gmail.com,year,2024-01-01,2024-12-31,6,2,4,7,7,0,13,9,4,0.6923
user53@gmail.com,year,2026-01-01,2026-12-31,4,2,2,2,2,0,6,4,2,0.6667
user197@umindanao.edu.ph,month,2026-02-01,2026-02-28,1,0,1,5,2,3,6,2,4,0.3333
user55@gmail.com,month,2026-11-01,2026-11-30,5,1,4,4,3,1,9,4,5,0.4444
user146@example.com,month,2026-05-01,2026-05-31,7,2,5,4,1,3,11,3,8,0.2727
user115@example.com,year,2025-01-01,2025-12-31,6,5,1,1,1,0,7,6,1,0.8571
user83@umindanao.edu.ph,month,2026-04-01,2026-04-30,1,0,1,5,4,1,6,4,2,0.6667
user219@example.com,year,2026-01-01,2026-12-31,5,2,3,3,1,2,8,3,5,0.375
user138@gmail.com,month,2026-08-01,2026-08-31,3,2,1,7,3,4,10,5,5,0.5
user232@example.com,year,2026-01-01,2026-12-31,5,1,4,2,2,0,7,3,4,0.4286
user256@example.com,year,2024-01-01,2024-12-31,3,2,1,7,0,7,10,2,8,0.2
user237@example.com,year,2025-01-01,2025-12-31,7,1,6,3,2,1,10,3,7,0.3
user202@example.com,year,2026-01-01,2026-12-31,0,0,0,3,0,3,3,0,3,0
user296@umindanao.edu.ph,month,2026-08-01,2026-08-31,1,0,1,4,4,0,5,4,1,0.8
user270@gmail.com,month,2026-10-01,2026-10-31,4,3,1,5,2,3,9,5,4,0.5556
user10@umindanao.edu.ph,month,2026-06-01,2026-06-30,7,2,5,7,0,7,14,2,12,0.1429
user241@gmail.com,year,2024-01-01,2024-12-31,6,1,5,4,4,0,10,5,5,0.5
user222@umindanao.edu.ph,month,2026-07-01,2026-07-31,4,0,4,4,4,0,8,4,4,0.5
user121@umindanao.edu.ph,year,2024-01-01,2024-12-31,0,0,0,7,4,3,7,4,3,0.5714
user123@example.com,month,2026-07-01,2026-07-31,4,0,4,3,3,0,7,3,4,0.4286
user62@example.com,year,2025-01-01,2025-12-31,5,2,3,5,1,4,10,3,7,0.3
user59@gmail.com,month,2026-03-01,2026-03-31,6,2,4,7,6,1,13,8,5,0.6154
user46@gmail.com,month,2026-03-01,2026-03-31,4,0,4,3,0,3,7,0,7,0
user190@umindanao.edu.ph,month,2026-10-01,2026-10-31,1,0,1,3,2,1,4,2,2,0.5
user71@gmail.com,month,2026-04-01,2026-04-30,6,5,1,5,4,1,11,9,2,0.8182
user83@example.com,month,2026-02-01,2026-02-28,2,2,0,1,1,0,3,3,0,1
user238@example.com,year,2025-01-01,2025-12-31,7,4,3,6,6,0,13,10,3,0.7692
user268@gmail.com,month,2026-08-01,2026-08-31,1,1,0,1,0,1,2,1,1,0.5
user45@umindanao.edu.ph,month,2026-02-01,2026-02-28,3,1,2,6,2,4,9,3,6,0.3333
user262@gmail.com,month,2026-11-01,2026-11-30,1,0,1,7,0,7,8,0,8,0
user282@umindanao.edu.ph,month,2026-12-01,2026-12-31,1,1,0,7,5,2,8,6,2,0.75
user35@gmail.com,year,2024-01-01,2024-12-31,7,5,2,1,1,0,8,6,2,0.75
user142@umindanao.edu.ph,year,2026-01-01,2026-12-31,5,0,5,1,1,0,6,1,5,0.1667
user86@umindanao.edu.ph,year,2024-01-01,2024-12-31,4,3,1,7,4,3,11,7,4,0.6364
user246@gmail.com,year,2025-01-01,2025-12-31,0,0,0,5,3,2,5,3,2,0.6
user165@umindanao.edu.ph,month,2026-11-01,2026-11-30,0,0,0,5,2,3,5,2,3,0.4
user237@umindanao.edu.ph,year,2025-01-01,2025-12-31,0,0,0,7,1,6,7,1,6,0.1429
user161@example.com,year,2024-01-01,2024-12-31,0,0,0,1,1,0,1,1,0,1
user129@example.com,month,2026-02-01,2026-02-28,6,2,4,6,5,1,12,7,5,0.5833
user99@example.com,year,2025-01-01,2025-12-31,7,3,4,3,2,1,10,5,5,0.5
user60@umindanao.edu.ph,year,2024-01-01,2024-12-31,6,3,3,7,1,6,13,4,9,0.3077
user258@umindanao.edu.ph,year,2025-01-01,2025-12-31,2,1,1,7,0,7,9,1,8,0.1111
user282@umindanao.edu.ph,year,2026-01-01,2026-12-31,5,2,3,0,0,0,5,2,3,0.4
user1@example.com,month,2026-12-01,2026-12-31,1,0,1,6,5,1,7,5,2,0.7143
user24@umindanao.edu.ph,month,2026-10-01,2026-10-31,7,2,5,3,3,0,10,5,5,0.5
user287@gmail.com,year,2025-01-01,2025-12-31,7,3,4,0,0,0,7,3,4,0.4286
user56@gmail.com,year,2025-01-01,2025-12-31,6,5,1,4,4,0,10,9,1,0.9
user139@gmail.com,month,2026-07-01,2026-07-31,5,4,1,0,0,0,5,4,1,0.8
user23@gmail.com,month,2026-05-01,2026-05-31,3,2,1,5,1,4,8,3,5,0.375
user124@umindanao.edu.ph,year,2025-01-01,2025-12-31,2,2,0,3,2,1,5,4,1,0.8
user23@umindanao.edu.ph,year,2025-01-01,2025-12-31,2,2,0,2,2,0,4,4,0,1
user189@example.com,year,2024-01-01,2024-12-31,2,0,2,0,0,0,2,0,2,0
user152@umindanao.edu.ph,year,2026-01-01,2026-12-31,3,2,1,4,4,0,7,6,1,0.8571
user42@umindanao.edu.ph,year,2026-01-01,2026-12-31,6,6,0,7,3,4,13,9,4,0.6923
user199@gmail.com,month,2026-07-01,2026-07-31,0,0,0,1,1,0,1,1,0,1
user49@umindanao.edu.ph,month,2026-03-01,2026-03-31,3,0,3,1,0,1,4,0,4,0
user168@gmail.com,year,2024-01-01,2024-12-31,7,0,7,2,0,2,9,0,9,0
user130@umindanao.edu.ph,month,2026-07-01,2026-07-31,3,2,1,6,6,0,9,8,1,0.8889
user160@umindanao.edu.ph,year,2025-01-01,2025-12-31,6,6,0,6,5,1,12,11,1,0.9167
user162@example.com,year,2025-01-01,2025-12-31,7,7,0,5,2,3,12,9,3,0.75
user39@umindanao.edu.ph,month,2026-11-01,2026-11-30,6,1,5,3,1,2,9,2,7,0.2222
user55@gmail.com,year,2024-01-01,2024-12-31,6,5,1,4,3,1,10,8,2,0.8
user266@umindanao.edu.ph,year,2025-01-01,2025-12-31,6,6,0,3,3,0,9,9,0,1
user50@example.com,month,2026-11-01,2026-11-30,2,0,2,3,2,1,5,2,3,0.4
user153@umindanao.edu.ph,month,2026-05-01,2026-05-31,7,6,1,2,1,1,9,7,2,0.7778
user112@gmail.com,month,2026-05-01,2026-05-31,3,0,3,4,2,2,7,2,5,0.2857
user207@gmail.com,month,2026-06-01,2026-06-30,0,0,0,2,1,1,2,1,1,0.5
user75@example.com,month,2026-07-01,2026-07-31,4,3,1,3,1,2,7,4,3,0.5714
user274@umindanao.edu.ph,month,2026-01-01,2026-01-31,3,2,1,0,0,0,3,2,1,0.6667
user24@gmail.com,year,2024-01-01,2024-12-31,1,1,0,4,2,2,5,3,2,0.6
user131@gmail.com,year,2024-01-01,2024-12-31,0,0,0,0,0,0,0,0,0,0
user191@gmail.com,month,2026-12-01,2026-12-31,5,5,0,5,5,0,10,10,0,1
user292@example.com,year,2025-01-01,2025-12-31,7,3,4,1,1,0,8,4,4,0.5
user228@umindanao.edu.ph,month,2026-09-01,2026-09-30,3,3,0,6,5,1,9,8,1,0.8889
user258@umindanao.edu.ph,year,2026-01-01,2026-12-31,4,2,2,1,0,1,5,2,3,0.4
user205@example.com,month,2026-09-01,2026-09-30,2,1,1,0,0,0,2,1,1,0.5
user167@umindanao.edu.ph,month,2026-01-01,2026-01-31,1,0,1,1,1,0,2,1,1,0.5
user37@gmail.com,month,2026-12-01,2026-12-31,1,0,1,0,0,0,1,0,1,0
user212@umindanao.edu.ph,month,2026-04-01,2026-04-30,3,1,2,4,4,0,7,5,2,0.7143
user187@umindanao.edu.ph,year,2025-01-01,2025-12-31,4,1,3,4,1,3,8,2,6,0.25
user65@umindanao.edu.ph,month,2026-06-01,2026-06-30,2,2,0,3,2,1,5,4,1,0.8
user222@gmail.com,year,2026-01-01,2026-12-31,3,3,0,7,7,0,10,10,0,1
user235@umindanao.edu.ph,year,2025-01-01,2025-12-31,0,0,0,6,6,0,6,6,0,1
user143@example.com,year,2025-01-01,2025-12-31,4,4,0,3,2,1,7,6,1,0.8571
user104@umindanao.edu.ph,month,2026-06-01,2026-06-30,0,0,0,1,1,0,1,1,0,1
user92@umindanao.edu.ph,year,2025-01-01,2025-12-31,3,1,2,4,1,3,7,2,5,0.2857
user279@gmail.com,year,2026-01-01,2026-12-31,4,2,2,3,3,0,7,5,2,0.7143
user144@example.com,month,2026-09-01,2026-09-30,6,5,1,7,1,6,13,6,7,0.4615
user216@example.com,year,2024-01-01,2024-12-31,4,0,4,2,1,1,6,1,5,0.1667
user271@gmail.com,month,2026-11-01,2026-11-30,3,3,0,1,1,0,4,4,0,1
user263@umindanao.edu.ph,month,2026-08-01,2026-08-31,7,2,5,7,6,1,14,8,6,0.5714
user273@gmail.com,year,2026-01-01,2026-12-31,6,0,6,3,3,0,9,3,6,0.3333
user184@umindanao.edu.ph,month,2026-06-01,2026-06-30,4,1,3,5,5,0,9,6,3,0.6667
user82@gmail.com,month,2026-07-01,2026-07-31,2,0,2,0,0,0,2,0,2,0
user269@example.com,year,2026-01-01,2026-12-31,3,3,0,7,3,4,10,6,4,0.6
user56@gmail.com,year,2025-01-01,2025-12-31,0,0,0,1,1,0,1,1,0,1
user17@example.com,year,2024-01-01,2024-12-31,1,1,0,7,2,5,8,3,5,0.375
user289@umindanao.edu.ph,year,2025-01-01,2025-12-31,7,2,5,6,6,0,13,8,5,0.6154
user242@umindanao.edu.ph,month,2026-08-01,2026-08-31,6,2,4,1,0,1,7,2,5,0.2857
user275@example.com,month,2026-11-01,2026-11-30,6,3,3,2,0,2,8,3,5,0.375
user252@gmail.com,month,2026-04-01,2026-04-30,6,0,6,2,0,2,8,0,8,0
user173@gmail.com,year,2026-01-01,2026-12-31,0,0,0,6,0,6,6,0,6,0
user200@example.com,year,2025-01-01,2025-12-31,3,3,0,4,1,3,7,4,3,0.5714
user71@gmail.com,month,2026-11-01,2026-11-30,5,4,1,7,3,4,12,7,5,0.5833
user191@gmail.com,year,2024-01-01,2024-12-31,2,0,2,6,4,2,8,4,4,0.5
user203@example.com,year,2025-01-01,2025-12-31,3,0,3,5,5,0,8,5,3,0.625
user90@example.com,month,2026-05-01,2026-05-31,1,0,1,1,0,1,2,0,2,0
user77@gmail.com,month,2026-12-01,2026-12-31,7,1,6,4,3,1,11,4,7,0.3636
user190@example.com,month,2026-11-01,2026-11-30,5,4,1,2,0,2,7,4,3,0.5714
user291@gmail.com,month,2026-06-01,2026-06-30,0,0,0,6,1,5,6,1,5,0.1667
user273@gmail.com,year,2025-01-01,2025-12-31,2,1,1,1,0,1,3,1,2,0.3333
user112@umindanao.edu.ph,year,2026-01-01,2026-12-31,0,0,0,5,2,3,5,2,3,0.4
user287@gmail.com,month,2026-06-01,2026-06-30,6,3,3,3,2,1,9,5,4,0.5556
user75@gmail.com,month,2026-09-01,2026-09-30,6,1,5,1,0,1,7,1,6,0.1429
user23@example.com,year,2026-01-01,2026-12-31,5,1,4,7,1,6,12,2,10,0.1667
user89@example.com,month,2026-04-01,2026-04-30,0,0,0,0,0,0,0,0,0,0
user97@umindanao.edu.ph,month,2026-05-01,2026-05-31,6,6,0,2,2,0,8,8,0,1
user173@umindanao.edu.ph,month,2026-10-01,2026-10-31,2,1,1,0,0,0,2,1,1,0.5
user31@example.com,month,2026-09-01,2026-09-30,7,4,3,0,0,0,7,4,3,0.5714
user264@gmail.com,month,2026-08-01,2026-08-31,5,0,5,7,5,2,12,5,7,0.4167
user8@umindanao.edu.ph,month,2026-02-01,2026-02-28,1,1,0,4,2,2,5,3,2,0.6
user9@example.com,month,2026-03-01,2026-03-31,1,1,0,3,3,0,4,4,0,1
user32@gmail.com,year,2025-01-01,2025-12-31,6,1,5,6,5,1,12,6,6,0.5
user84@gmail.com,year,2025-01-01,2025-12-31,5,3,2,1,1,0,6,4,2,0.6667
user78@umindanao.edu.ph,month,2026-09-01,2026-09-30,1,1,0,3,2,1,4,3,1,0.75
user191@example.com,year,2024-01-01,2024-12-31,3,3,0,7,2,5,10,5,5,0.5
user89@example.com,year,2024-01-01,2024-12-31,1,1,0,2,0,2,3,1,2,0.3333
user144@umindanao.edu.ph,month,2026-05-01,2026-05-31,5,3,2,7,2,5,12,5,7,0.4167
user231@gmail.com,year,2024-01-01,2024-12-31,5,0,5,1,1,0,6,1,5,0.1667
user37@umindanao.edu.ph,month,2026-02-01,2026-02-28,0,0,0,3,1,2,3,1,2,0.3333
user193@umindanao.edu.ph,year,2026-01-01,2026-12-31,2,1,1,2,2,0,4,3,1,0.75
user197@umindanao.edu.ph,month,2026-01-01,2026-01-31,3,3,0,3,3,0,6,6,0,1
user44@umindanao.edu.ph,month,2026-11-01,2026-11-30,2,0,2,4,2,2,6,2,4,0.3333
user98@umindanao.edu.ph,month,2026-08-01,2026-08-31,3,3,0,7,0,7,10,3,7,0.3
user60@gmail.com,month,2026-04-01,2026-04-30,3,0,3,3,0,3,6,0,6,0
user147@example.com,year,2026-01-01,2026-12-31,2,0,2,4,2,2,6,2,4,0.3333
user266@umindanao.edu.ph,month,2026-09-01,2026-09-30,0,0,0,5,2,3,5,2,3,0.4
user103@umindanao.edu.ph,year,2025-01-01,2025-12-31,2,1,1,4,0,4,6,1,5,0.1667
user292@umindanao.edu.ph,month,2026-05-01,2026-05-31,6,4,2,7,2,5,13,6,7,0.4615
user124@example.com,year,2025-01-01,2025-12-31,7,7,0,5,1,4,12,8,4,0.6667
user118@umindanao.edu.ph,month,2026-11-01,2026-11-30,5,1,4,5,5,0,10,6,4,0.6
user229@umindanao.edu.ph,month,2026-09-01,2026-09-30,5,1,4,7,6,1,12,7,5,0.5833
user55@gmail.com,year,2025-01-01,2025-12-31,0,0,0,0,0,0,0,0,0,0
user209@gmail.com,year,2025-01-01,2025-12-31,4,0,4,2,1,1,6,1,5,0.1667
user109@umindanao.edu.ph,month,2026-07-01,2026-07-31,6,1,5,2,2,0,8,3,5,0.375
user202@umindanao.edu.ph,month,2026-02-01,2026-02-28,6,5,1,4,0,4,10,5,5,0.5
user131@example.com,year,2024-01-01,2024-12-31,0,0,0,6,3,3,6,3,3,0.5
user159@umindanao.edu.ph,year,2024-01-01,2024-12-31,5,4,1,6,0,6,11,4,7,0.3636
user289@gmail.com,year,2024-01-01,2024-12-31,4,1,3,0,0,0,4,1,3,0.25
user201@example.com,month,2026-11-01,2026-11-30,4,1,3,5,2,3,9,3,6,0.3333
user90@umindanao.edu.ph,month,2026-11-01,2026-11-30,0,0,0,1,1,0,1,1,0,1
user241@umindanao.edu.ph,month,2026-05-01,2026-05-31,5,1,4,7,2,5,12,3,9,0.25
user165@gmail.com,year,2026-01-01,2026-12-31,6,1,5,6,0,6,12,1,11,0.0833
user253@gmail.com,year,2024-01-01,2024-12-31,2,2,0,0,0,0,2,2,0,1
user117@example.com,year,2025-01-01,2025-12-31,7,6,1,0,0,0,7,6,1,0.8571
user209@example.com,year,2024-01-01,2024-12-31,1,1,0,5,5,0,6,6,0,1
user273@gmail.com,year,2025-01-01,2025-12-31,0,0,0,1,1,0,1,1,0,1
user148@gmail.com,year,2024-01-01,2024-12-31,0,0,0,6,4,2,6,4,2,0.6667
user181@gmail.com,month,2026-06-01,2026-06-30,5,0,5,5,3,2,10,3,7,0.3
user107@umindanao.edu.ph,month,2026-08-01,2026-08-31,6,3,3,0,0,0,6,3,3,0.5
user162@gmail.com,year,2024-01-01,2024-12-31,6,2,4,7,7,0,13,9,4,0.6923
user183@umindanao.edu.ph,month,2026-07-01,2026-07-31,6,3,3,7,6,1,13,9,4,0.6923
user240@gmail.com,year,2024-01-01,2024-12-31,6,3,3,1,0,1,7,3,4,0.4286
user77@umindanao.edu.ph,year,2025-01-01,2025-12-31,6,1,5,2,0,2,8,1,7,0.125
user177@gmail.com,month,2026-05-01,2026-05-31,3,1,2,0,0,0,3,1,2,0.3333
user119@example.com,month,2026-04-01,2026-04-30,0,0,0,4,2,2,4,2,2,0.5
user219@example.com,year,2026-01-01,2026-12-31,7,3,4,4,4,0,11,7,4,0.6364
user219@example.com,month,2026-09-01,2026-09-30,1,0,1,1,0,1,2,0,2,0
user72@umindanao.edu.ph,month,2026-01-01,2026-01-31,7,5,2,5,3,2,12,8,4,0.6667
user46@example.com,month,2026-11-01,2026-11-30,1,0,1,2,1,1,3,1,2,0.3333
user241@example.com,year,2024-01-01,2024-12-31,6,0,6,6,3,3,12,3,9,0.25
user27@gmail.com,year,2024-01-01,2024-12-31,5,4,1,7,0,7,12,4,8,0.3333
user30@example.com,month,2026-05-01,2026-05-31,7,3,4,1,0,1,8,3,5,0.375
user235@umindanao.edu.ph,year,2024-01-01,2024-12-31,6,2,4,6,3,3,12,5,7,0.4167
user24@umindanao.edu.ph,year,2025-01-01,2025-12-31,0,0,0,2,1,1,2,1,1,0.5
user151@umindanao.edu.ph,year,2024-01-01,2024-12-31,1,0,1,5,0,5,6,0,6,0
user250@gmail.com,year,2026-01-01,2026-12-31,7,1,6,0,0,0,7,1,6,0.1429
user202@umindanao.edu.ph,year,2024-01-01,2024-12-31,5,4,1,7,5,2,12,9,3,0.75
user199@gmail.com,year,2024-01-01,2024-12-31,0,0,0,5,0,5,5,0,5,0
user243@umindanao.edu.ph,year,2025-01-01,2025-12-31,7,1,6,6,1,5,13,2,11,0.1538
user77@umindanao.edu.ph,month,2026-07-01,2026-07-31,7,2,5,0,0,0,7,2,5,0.2857
user181@example.com,month,2026-12-01,2026-12-31,0,0,0,7,5,2,7,5,2,0.7143
user214@gmail.com,month,2026-09-01,2026-09-30,4,0,4,3,0,3,7,0,7,0
user73@gmail.com,month,2026-04-01,2026-04-30,3,3,0,4,3,1,7,6,1,0.8571
user68@example.com,month,2026-06-01,2026-06-30,2,0,2,3,3,0,5,3,2,0.6
user27@example.com,year,2025-01-01,2025-12-31,7,5,2,5,0,5,12,5,7,0.4167
user295@umindanao.edu.ph,month,2026-05-01,2026-05-31,1,0,1,0,0,0,1,0,1,0
user11@umindanao.edu.ph,month,2026-01-01,2026-01-31,0,0,0,2,1,1,2,1,1,0.5
user14@gmail.com,year,2024-01-01,2024-12-31,3,1,2,4,3,1,7,4,3,0.5714
user156@umindanao.edu.ph,month,2026-05-01,2026-05-31,1,0,1,4,0,4,5,0,5,0
user190@umindanao.edu.ph,year,2026-01-01,2026-12-31,3,1,2,0,0,0,3,1,2,0.3333
user278@gmail.com,year,2025-01-01,2025-12-31,4,0,4,1,0,1,5,0,5,0
user220@umindanao.edu.ph,year,2024-01-01,2024-12-31,6,1,5,3,0,3,9,1,8,0.1111
user257@umindanao.edu.ph,year,2026-01-01,2026-12-31,3,2,1,0,0,0,3,2,1,0.6667
user5@example.com,year,2026-01-01,2026-12-31,2,2,0,7,4,3,9,6,3,0.6667
user237@umindanao.edu.ph,month,2026-10-01,2026-10-31,6,4,2,2,0,2,8,4,4,0.5
user131@example.com,year,2026-01-01,2026-12-31,7,3,4,2,2,0,9,5,4,0.5556
user148@umindanao.edu.ph,month,2026-08-01,2026-08-31,4,1,3,2,2,0,6,3,3,0.5
user83@example.com,year,2026-01-01,2026-12-31,2,0,2,0,0,0,2,0,2,0
user85@gmail.com,year,2025-01-01,2025-12-31,4,0,4,6,0,6,10,0,10,0
user121@umindanao.edu.ph,year,2024-01-01,2024-12-31,0,0,0,5,0,5,5,0,5,0
user239@example.com,year,2025-01-01,2025-12-31,7,2,5,2,2,0,9,4,5,0.4444
user270@example.com,month,2026-08-01,2026-08-31,5,3,2,0,0,0,5,3,2,0.6
user45@example.com,year,2026-01-01,2026-12-31,0,0,0,0,0,0,0,0,0,0
user142@example.com,year,2025-01-01,2025-12-31,0,0,0,5,1,4,5,1,4,0.2
user290@umindanao.edu.ph,month,2026-06-01,2026-06-30,3,1,2,4,3,1,7,4,3,0.5714
user98@umindanao.edu.ph,year,2025-01-01,2025-12-31,6,2,4,6,2,4,12,4,8,0.3333
user70@example.com,year,2024-01-01,2024-12-31,4,1,3,0,0,0,4,1,3,0.25
user148@example.com,year,2026-01-01,2026-12-31,0,0,0,6,2,4,6,2,4,0.3333
user289@example.com,year,2026-01-01,2026-12-31,5,3,2,6,6,0,11,9,2,0.8182
user212@gmail.com,month,2026-01-01,2026-01-31,0,0,0,6,0,6,6,0,6,0
user57@gmail.com,year,2024-01-01,2024-12-31,0,0,0,6,6,0,6,6,0,1
user145@umindanao.edu.ph,year,2024-01-01,2024-12-31,6,2,4,7,4,3,13,6,7,0.4615
user290@example.com,year,2026-01-01,2026-12-31,6,1,5,4,4,0,10,5,5,0.5
user143@gmail.com,month,2026-06-01,2026-06-30,7,7,0,6,0,6,13,7,6,0.5385
user31@gmail.com,month,2026-09-01,2026-09-30,0,0,0,2,2,0,2,2,0,1
user110@umindanao.edu.ph,month,2026-04-01,2026-04-30,6,3,3,3,3,0,9,6,3,0.6667
user207@umindanao.edu.ph,year,2025-01-01,2025-12-31,1,1,0,0,0,0,1,1,0,1
user25@umindanao.edu.ph,year,2024-01-01,2024-12-31,2,0,2,4,3,1,6,3,3,0.5
user203@gmail.com,year,2025-01-01,2025-12-31,3,3,0,7,5,2,10,8,2,0.8
user221@gmail.com,month,2026-07-01,2026-07-31,2,2,0,6,6,0,8,8,0,1
user78@example.com,month,2026-08-01,2026-08-31,2,1,1,1,1,0,3,2,1,0.6667
user24@gmail.com,month,2026-05-01,2026-05-31,3,3,0,2,2,0,5,5,0,1
user274@umindanao.edu.ph,month,2026-03-01,2026-03-31,6,6,0,1,0,1,7,6,1,0.8571
user72@gmail.com,month,2026-04-01,2026-04-30,7,3,4,1,1,0,8,4,4,0.5
user218@umindanao.edu.ph,month,2026-06-01,2026-06-30,2,0,2,0,0,0,2,0,2,0
user79@gmail.com,month,2026-09-01,2026-09-30,3,2,1,5,1,4,8,3,5,0.375
user80@example.com,year,2024-01-01,2024-12-31,5,2,3,6,3,3,11,5,6,0.4545
user126@umindanao.edu.ph,month,2026-02-01,2026-02-28,2,0,2,2,2,0,4,2,2,0.5
user29@example.com,year,2026-01-01,2026-12-31,3,2,1,4,2,2,7,4,3,0.5714
user30@gmail.com,year,2024-01-01,2024-12-31,0,0,0,5,4,1,5,4,1,0.8
user222@example.com,year,2024-01-01,2024-12-31,7,3,4,6,6,0,13,9,4,0.6923
user273@gmail.com,year,2024-01-01,2024-12-31,5,4,1,2,0,2,7,4,3,0.5714
user217@example.com,year,2024-01-01,2024-12-31,5,3,2,6,5,1,11,8,3,0.7273
user191@example.com,month,2026-06-01,2026-06-30,2,1,1,1,0,1,3,1,2,0.3333
user177@umindanao.edu.ph,month,2026-11-01,2026-11-30,7,7,0,2,2,0,9,9,0,1
user235@example.com,month,2026-08-01,2026-08-31,6,1,5,2,1,1,8,2,6,0.25
user26@example.com,month,2026-09-01,2026-09-30,3,3,0,6,3,3,9,6,3,0.6667
user109@example.com,year,2026-01-01,2026-12-31,7,6,1,0,0,0,7,6,1,0.8571
user120@example.com,month,2026-08-01,2026-08-31,0,0,0,0,0,0,0,0,0,0
user36@umindanao.edu.ph,year,2025-01-01,2025-12-31,4,2,2,1,0,1,5,2,3,0.4
user87@example.com,month,2026-05-01,2026-05-31,0,0,0,2,1,1,2,1,1,0.5
user214@example.com,year,2026-01-01,2026-12-31,2,0,2,6,1,5,8,1,7,0.125
user63@example.com,month,2026-06-01,2026-06-30,7,1,6,4,2,2,11,3,8,0.2727
user14@gmail.com,month,2026-05-01,2026-05-31,0,0,0,1,1,0,1,1,0,1
user57@umindanao.edu.ph,year,2024-01-01,2024-12-31,5,0,5,7,3,4,12,3,9,0.25
user21@gmail.com,year,2025-01-01,2025-12-31,5,2,3,5,3,2,10,5,5,0.5
user161@umindanao.edu.ph,year,2026-01-01,2026-12-31,0,0,0,3,3,0,3,3,0,1
user128@example.com,month,2026-05-01,2026-05-31,6,5,1,5,1,4,11,6,5,0.5455
user20@umindanao.edu.ph,month,2026-07-01,2026-07-31,7,2,5,7,7,0,14,9,5,0.6429
user101@gmail.com,month,2026-02-01,2026-02-28,7,3,4,5,3,2,12,6,6,0.5
user292@gmail.com,year,2024-01-01,2024-12-31,5,5,0,3,1,2,8,6,2,0.75
user120@umindanao.edu.ph,year,2026-01-01,2026-12-31,3,2,1,0,0,0,3,2,1,0.6667
user159@gmail.com,year,2025-01-01,2025-12-31,4,4,0,4,0,4,8,4,4,0.5
user97@gmail.com,month,2026-01-01,2026-01-31,2,1,1,4,4,0,6,5,1,0.8333
user48@example.com,month,2026-07-01,2026-07-31,6,2,4,2,2,0,8,4,4,0.5
user194@umindanao.edu.ph,year,2025-01-01,2025-12-31,0,0,0,1,1,0,1,1,0,1
user42@gmail.com,month,2026-10-01,2026-10-31,2,2,0,3,3,0,5,5,0,1
user230@gmail.com,year,2026-01-01,2026-12-31,2,0,2,7,0,7,9,0,9,0
user237@gmail.com,month,2026-03-01,2026-03-31,7,7,0,5,5,0,12,12,0,1
user215@gmail.com,month,2026-03-01,2026-03-31,7,3,4,7,3,4,14,6,8,0.4286
user144@example.com,year,2024-01-01,2024-12-31,7,2,5,1,1,0,8,3,5,0.375
user52@umindanao.edu.ph,year,2025-01-01,2025-12-31,1,0,1,4,4,0,5,4,1,0.8
user83@gmail.com,month,2026-11-01,2026-11-30,0,0,0,7,6,1,7,6,1,0.8571
user126@example.com,month,2026-03-01,2026-03-31,5,4,1,3,2,1,8,6,2,0.75
user30@gmail.com,year,2026-01-01,2026-12-31,4,3,1,4,4,0,8,7,1,0.875
user66@umindanao.edu.ph,month,2026-11-01,2026-11-30,3,3,0,7,7,0,10,10,0,1
user132@example.com,year,2025-01-01,2025-12-31,7,4,3,3,0,3,10,4,6,0.4
user142@example.com,month,2026-01-01,2026-01-31,1,0,1,6,1,5,7,1,6,0.1429
user273@umindanao.edu.ph,year,2026-01-01,2026-12-31,4,2,2,2,0,2,6,2,4,0.3333
user194@umindanao.edu.ph,month,2026-01-01,2026-01-31,5,2,3,0,0,0,5,2,3,0.4
user34@umindanao.edu.ph,year,2026-01-01,2026-12-31,4,3,1,0,0,0,4,3,1,0.75
user177@umindanao.edu.ph,month,2026-12-01,2026-12-31,1,0,1,7,7,0,8,7,1,0.875
user162@umindanao.edu.ph,month,2026-11-01,2026-11-30,4,1,3,0,0,0,4,1,3,0.25
user87@example.com,year,2026-01-01,2026-12-31,4,1,3,3,3,0,7,4,3,0.5714
user118@gmail.com,month,2026-06-01,2026-06-30,2,0,2,6,0,6,8,0,8,0
user180@gmail.com,month,2026-08-01,2026-08-31,4,2,2,3,2,1,7,4,3,0.5714
user273@gmail.com,month,2026-01-01,2026-01-31,6,3,3,5,2,3,11,5,6,0.4545
user12@umindanao.edu.ph,year,2024-01-01,2024-12-31,2,1,1,7,2,5,9,3,6,0.3333
user193@gmail.com,month,2026-11-01,2026-11-30,7,7,0,0,0,0,7,7,0,1
user30@example.com,month,2026-03-01,2026-03-31,0,0,0,1,0,1,1,0,1,0
user212@gmail.com,month,2026-12-01,2026-12-31,5,2,3,0,0,0,5,2,3,0.4
user122@umindanao.edu.ph,month,2026-09-01,2026-09-30,7,7,0,3,2,1,10,9,1,0.9
user193@umindanao.edu.ph,year,2024-01-01,2024-12-31,3,0,3,3,3,0,6,3,3,0.5
user162@umindanao.edu.ph,year,2025-01-01,2025-12-31,5,3,2,3,3,0,8,6,2,0.75
user2@example.com,month,2026-07-01,2026-07-31,7,7,0,2,2,0,9,9,0,1
user223@gmail.com,year,2024-01-01,2024-12-31,6,6,0,7,6,1,13,12,1,0.9231
user82@example.com,month,2026-04-01,2026-04-30,5,3,2,1,1,0,6,4,2,0.6667
user8@umindanao.edu.ph,year,2024-01-01,2024-12-31,7,0,7,1,0,1,8,0,8,0
user258@gmail.com,month,2026-04-01,2026-04-30,2,0,2,7,4,3,9,4,5,0.4444
user214@umindanao.edu.ph,year,2026-01-01,2026-12-31,3,0,3,7,5,2,10,5,5,0.5
user192@gmail.com,year,2024-01-01,2024-12-31,6,3,3,5,1,4,11,4,7,0.3636
user150@example.com,month,2026-12-01,2026-12-31,4,3,1,0,0,0,4,3,1,0.75
user98@umindanao.edu.ph,year,2026-01-01,2026-12-31,7,1,6,7,5,2,14,6,8,0.4286
user135@umindanao.edu.ph,year,2024-01-01,2024-12-31,7,3,4,6,3,3,13,6,7,0.4615
user83@gmail.com,year,2025-01-01,2025-12-31,3,2,1,1,0,1,4,2,2,0.5
user33@umindanao.edu.ph,year,2024-01-01,2024-12-31,7,3,4,1,0,1,8,3,5,0.375
user1@example.com,year,2025-01-01,2025-12-31,4,2,2,7,3,4,11,5,6,0.4545
user44@umindanao.edu.ph,month,2026-01-01,2026-01-31,3,3,0,1,1,0,4,4,0,1
user159@example.com,year,2026-01-01,2026-12-31,6,2,4,0,0,0,6,2,4,0.3333
user59@example.com,month,2026-04-01,2026-04-30,6,5,1,3,0,3,9,5,4,0.5556
user131@gmail.com,month,2026-07-01,2026-07-31,7,1,6,5,4,1,12,5,7,0.4167
user223@umindanao.edu.ph,year,2026-01-01,2026-12-31,7,3,4,3,2,1,10,5,5,0.5
user140@umindanao.edu.ph,year,2026-01-01,2026-12-31,2,1,1,6,4,2,8,5,3,0.625
user128@umindanao.edu.ph,month,2026-07-01,2026-07-31,5,1,4,6,6,0,11,7,4,0.6364
user278@umindanao.edu.ph,year,2024-01-01,2024-12-31,5,2,3,3,0,3,8,2,6,0.25
user152@example.com,year,2025-01-01,2025-12-31,2,2,0,4,2,2,6,4,2,0.6667
user10@gmail.com,month,2026-09-01,2026-09-30,6,1,5,1,1,0,7,2,5,0.2857
user90@gmail.com,month,2026-02-01,2026-02-28,7,3,4,7,4,3,14,7,7,0.5
user250@gmail.com,month,2026-10-01,2026-10-31,4,3,1,7,0,7,11,3,8,0.2727
user238@umindanao.edu.ph,year,2025-01-01,2025-12-31,0,0,0,6,3,3,6,3,3,0.5
user292@example.com,year,2024-01-01,2024-12-31,4,3,1,1,0,1,5,3,2,0.6
user200@umindanao.edu.ph,year,2026-01-01,2026-12-31,7,3,4,5,3,2,12,6,6,0.5
user227@gmail.com,year,2024-01-01,2024-12-31,2,2,0,1,1,0,3,3,0,1
user188@example.com,year,2024-01-01,2024-12-31,4,2,2,5,0,5,9,2,7,0.2222
user296@umindanao.edu.ph,year,2026-01-01,2026-12-31,7,7,0,4,2,2,11,9,2,0.8182
user10@umindanao.edu.ph,month,2026-11-01,2026-11-30,5,4,1,1,0,1,6,4,2,0.6667
user198@example.com,month,2026-04-01,2026-04-30,6,6,0,5,4,1,11,10,1,0.9091
user295@example.com,month,2026-06-01,2026-06-30,5,0,5,0,0,0,5,0,5,0
user121@umindanao.edu.ph,year,2024-01-01,2024-12-31,3,2,1,4,0,4,7,2,5,0.2857
user179@example.com,month,2026-03-01,2026-03-31,7,7,0,7,4,3,14,11,3,0.7857
user186@example.com,year,2025-01-01,2025-12-31,4,1,3,6,0,6,10,1,9,0.1
user2@gmail.com,month,2026-11-01,2026-11-30,4,3,1,1,0,1,5,3,2,0.6
user221@example.com,month,2026-07-01,2026-07-31,6,6,0,4,3,1,10,9,1,0.9
user29@umindanao.edu.ph,year,2025-01-01,2025-12-31,3,1,2,6,4,2,9,5,4,0.5556
user162@umindanao.edu.ph,month,2026-10-01,2026-10-31,6,0,6,1,1,0,7,1,6,0.1429
user64@gmail.com,year,2026-01-01,2026-12-31,0,0,0,1,1,0,1,1,0,1
user145@example.com,month,2026-09-01,2026-09-30,2,0,2,6,5,1,8,5,3,0.625
user89@umindanao.edu.ph,month,2026-03-01,2026-03-31,7,0,7,2,2,0,9,2,7,0.2222
user146@umindanao.edu.ph,year,2024-01-01,2024-12-31,3,0,3,7,5,2,10,5,5,0.5
user276@umindanao.edu.ph,month,2026-11-01,2026-11-30,0,0,0,2,0,2,2,0,2,0
user292@umindanao.edu.ph,month,2026-01-01,2026-01-31,6,3,3,7,6,1,13,9,4,0.6923
user145@example.com,year,2025-01-01,2025-12-31,0,0,0,3,0,3,3,0,3,0
user7@example.com,month,2026-01-01,2026-01-31,0,0,0,4,2,2,4,2,2,0.5
user240@example.com,year,2026-01-01,2026-12-31,4,3,1,6,5,1,10,8,2,0.8
user114@umindanao.edu.ph,year,2026-01-01,2026-12-31,5,5,0,0,0,0,5,5,0,1
user218@example.com,year,2026-01-01,2026-12-31,3,1,2,4,0,4,7,1,6,0.1429
user156@example.com,month,2026-03-01,2026-03-31,5,1,4,5,3,2,10,4,6,0.4
user294@example.com,year,2026-01-01,2026-12-31,1,0,1,1,0,1,2,0,2,0
user50@example.com,month,2026-02-01,2026-02-28,3,2,1,5,0,5,8,2,6,0.25
user30@gmail.com,year,2024-01-01,2024-12-31,4,4,0,1,1,0,5,5,0,1
user5@example.com,year,2026-01-01,2026-12-31,2,0,2,7,0,7,9,0,9,0
user218@umindanao.edu.ph,year,2026-01-01,2026-12-31,4,2,2,1,1,0,5,3,2,0.6
user176@gmail.com,year,2025-01-01,2025-12-31,5,2,3,0,0,0,5,2,3,0.4
user242@umindanao.edu.ph,month,2026-01-01,2026-01-31,0,0,0,1,1,0,1,1,0,1
user174@gmail.com,month,2026-07-01,2026-07-31,7,1,6,4,0,4,11,1,10,0.0909
user220@umindanao.edu.ph,month,2026-10-01,2026-10-31,3,1,2,7,2,5,10,3,7,0.3
user38@example.com,year,2026-01-01,2026-12-31,6,6,0,7,4,3,13,10,3,0.7692
user235@umindanao.edu.ph,month,2026-07-01,2026-07-31,3,0,3,2,1,1,5,1,4,0.2
user224@example.com,month,2026-07-01,2026-07-31,2,0,2,3,2,1,5,2,3,0.4
user235@example.com,year,2024-01-01,2024-12-31,7,5,2,0,0,0,7,5,2,0.7143
user100@example.com,month,2026-09-01,2026-09-30,1,0,1,4,1,3,5,1,4,0.2
user165@example.com,month,2026-04-01,2026-04-30,5,5,0,4,4,0,9,9,0,1
user106@gmail.com,year,2024-01-01,2024-12-31,6,3,3,4,1,3,10,4,6,0.4
user99@example.com,year,2024-01-01,2024-12-31,7,2,5,1,0,1,8,2,6,0.25
user69@umindanao.edu.ph,month,2026-04-01,2026-04-30,1,0,1,3,3,0,4,3,1,0.75
user233@umindanao.edu.ph,year,2026-01-01,2026-12-31,2,0,2,0,0,0,2,0,2,0
user147@example.com,month,2026-07-01,2026-07-31,6,2,4,1,0,1,7,2,5,0.2857
user214@example.com,year,2025-01-01,2025-12-31,1,0,1,5,2,3,6,2,4,0.3333
user71@example.com,year,2026-01-01,2026-12-31,3,0,3,1,1,0,4,1,3,0.25
user36@umindanao.edu.ph,month,2026-02-01,2026-02-28,5,1,4,6,5,1,11,6,5,0.5455
user139@gmail.com,year,2025-01-01,2025-12-31,1,0,1,2,2,0,3,2,1,0.6667
user22@gmail.com,month,2026-10-01,2026-10-31,6,0,6,3,2,1,9,2,7,0.2222
user185@example.com,year,2025-01-01,2025-12-31,7,2,5,2,2,0,9,4,5,0.4444
user67@umindanao.edu.ph,year,2024-01-01,2024-12-31,3,1,2,2,1,1,5,2,3,0.4
user46@example.com,year,2025-01-01,2025-12-31,6,0,6,4,4,0,10,4,6,0.4
user4@example.com,month,2026-03-01,2026-03-31,1,0,1,7,7,0,8,7,1,0.875
user276@umindanao.edu.ph,month,2026-01-01,2026-01-31,2,0,2,1,0,1,3,0,3,0
user36@gmail.com,month,2026-06-01,2026-06-30,3,1,2,3,2,1,6,3,3,0.5
user116@umindanao.edu.ph,month,2026-03-01,2026-03-31,4,2,2,3,1,2,7,3,4,0.4286
user236@umindanao.edu.ph,year,2024-01-01,2024-12-31,4,2,2,7,5,2,11,7,4,0.6364
user246@umindanao.edu.ph,month,2026-02-01,2026-02-28,5,4,1,1,1,0,6,5,1,0.8333
user10@gmail.com,month,2026-04-01,2026-04-30,4,4,0,0,0,0,4,4,0,1
user100@example.com,year,2025-01-01,2025-12-31,3,1,2,0,0,0,3,1,2,0.3333
user61@gmail.com,month,2026-03-01,2026-03-31,1,0,1,5,4,1,6,4,2,0.6667
user165@gmail.com,month,2026-12-01,2026-12-31,7,5,2,5,5,0,12,10,2,0.8333
user249@example.com,month,2026-12-01,2026-12-31,5,2,3,5,3,2,10,5,5,0.5
user79@umindanao.edu.ph,month,2026-11-01,2026-11-30,6,4,2,4,2,2,10,6,4,0.6
user70@example.com,year,2025-01-01,2025-12-31,0,0,0,1,1,0,1,1,0,1
user186@example.com,month,2026-11-01,2026-11-30,2,2,0,3,2,1,5,4,1,0.8
user193@umindanao.edu.ph,month,2026-08-01,2026-08-31,4,3,1,7,1,6,11,4,7,0.3636
user241@gmail.com,month,2026-12-01,2026-12-31,1,0,1,2,2,0,3,2,1,0.6667
user92@example.com,year,2025-01-01,2025-12-31,7,6,1,4,3,1,11,9,2,0.8182
user180@example.com,year,2026-01-01,2026-12-31,7,5,2,0,0,0,7,5,2,0.7143
user75@gmail.com,year,2025-01-01,2025-12-31,0,0,0,6,0,6,6,0,6,0
user83@example.com,year,2025-01-01,2025-12-31,5,5,0,7,1,6,12,6,6,0.5
user209@gmail.com,year,2025-01-01,2025-12-31,0,0,0,3,3,0,3,3,0,1
user165@umindanao.edu.ph,year,2024-01-01,2024-12-31,3,2,1,5,1,4,8,3,5,0.375
user171@gmail.com,month,2026-09-01,2026-09-30,4,1,3,7,0,7,11,1,10,0.0909
user132@umindanao.edu.ph,month,2026-02-01,2026-02-28,6,0,6,6,6,0,12,6,6,0.5
user5@umindanao.edu.ph,year,2026-01-01,2026-12-31,4,3,1,0,0,0,4,3,1,0.75
user56@gmail.com,month,2026-02-01,2026-02-28,1,1,0,4,0,4,5,1,4,0.2
user219@gmail.com,month,2026-12-01,2026-12-31,7,1,6,4,3,1,11,4,7,0.3636
user19@gmail.com,month,2026-05-01,2026-05-31,0,0,0,5,3,2,5,3,2,0.6
user110@example.com,year,2024-01-01,2024-12-31,1,1,0,3,3,0,4,4,0,1
user18@example.com,year,2024-01-01,2024-12-31,7,0,7,2,2,0,9,2,7,0.2222
user152@example.com,month,2026-10-01,2026-10-31,5,0,5,5,4,1,10,4,6,0.4
user149@umindanao.edu.ph,month,2026-03-01,2026-03-31,3,1,2,6,0,6,9,1,8,0.1111
user266@umindanao.edu.ph,year,2025-01-01,2025-12-31,2,1,1,2,1,1,4,2,2,0.5
user12@umindanao.edu.ph,year,2026-01-01,2026-12-31,0,0,0,4,3,1,4,3,1,0.75
user241@gmail.com,year,2025-01-01,2025-12-31,5,1,4,0,0,0,5,1,4,0.2
user68@example.com,year,2024-01-01,2024-12-31,6,0,6,0,0,0,6,0,6,0
user250@umindanao.edu.ph,month,2026-01-01,2026-01-31,7,0,7,1,0,1,8,0,8,0
user222@gmail.com,month,2026-11-01,2026-11-30,2,1,1,7,2,5,9,3,6,0.3333
user85@umindanao.edu.ph,month,2026-03-01,2026-03-31,1,1,0,5,5,0,6,6,0,1
user293@umindanao.edu.ph,year,2024-01-01,2024-12-31,4,3,1,0,0,0,4,3,1,0.75
user112@gmail.com,month,2026-07-01,2026-07-31,6,2,4,4,1,3,10,3,7,0.3
user19@gmail.com,year,2025-01-01,2025-12-31,7,1,6,7,3,4,14,4,10,0.2857
user186@umindanao.edu.ph,month,2026-03-01,2026-03-31,1,0,1,6,2,4,7,2,5,0.2857
user124@umindanao.edu.ph,year,2024-01-01,2024-12-31,5,3,2,2,2,0,7,5,2,0.7143
user33@umindanao.edu.ph,year,2024-01-01,2024-12-31,4,1,3,6,4,2,10,5,5,0.5
user264@umindanao.edu.ph,year,2024-01-01,2024-12-31,5,3,2,4,4,0,9,7,2,0.7778
user286@example.com,year,2026-01-01,2026-12-31,3,1,2,0,0,0,3,1,2,0.3333
user42@umindanao.edu.ph,year,2026-01-01,2026-12-31,4,0,4,2,1,1,6,1,5,0.1667
user68@example.com,year,2026-01-01,2026-12-31,3,1,2,7,0,7,10,1,9,0.1
user252@umindanao.edu.ph,year,2024-01-01,2024-12-31,5,3,2,4,2,2,9,5,4,0.5556
user254@example.com,year,2026-01-01,2026-12-31,0,0,0,4,3,1,4,3,1,0.75
user24@umindanao.edu.ph,year,2025-01-01,2025-12-31,3,1,2,7,5,2,10,6,4,0.6
user223@example.com,month,2026-09-01,2026-09-30,2,1,1,1,1,0,3,2,1,0.6667
user228@gmail.com,year,2024-01-01,2024-12-31,2,1,1,7,0,7,9,1,8,0.1111
user229@gmail.com,month,2026-02-01,2026-02-28,4,2,2,6,5,1,10,7,3,0.7
user91@gmail.com,month,2026-08-01,2026-08-31,0,0,0,6,1,5,6,1,5,0.1667
user277@example.com,year,2025-01-01,2025-12-31,2,2,0,5,3,2,7,5,2,0.7143
user231@gmail.com,month,2026-12-01,2026-12-31,0,0,0,2,2,0,2,2,0,1
user157@example.com,month,2026-02-01,2026-02-28,2,2,0,4,2,2,6,4,2,0.6667
user180@gmail.com,month,2026-10-01,2026-10-31,4,1,3,4,0,4,8,1,7,0.125
user279@example.com,month,2026-12-01,2026-12-31,2,2,0,0,0,0,2,2,0,1
user222@umindanao.edu.ph,month,2026-08-01,2026-08-31,1,0,1,1,1,0,2,1,1,0.5
user80@umindanao.edu.ph,month,2026-08-01,2026-08-31,7,7,0,6,6,0,13,13,0,1
user141@example.com,year,2025-01-01,2025-12-31,5,2,3,4,3,1,9,5,4,0.5556
user79@gmail.com,month,2026-12-01,2026-12-31,3,3,0,1,0,1,4,3,1,0.75
user182@example.com,year,2026-01-01,2026-12-31,1,1,0,5,0,5,6,1,5,0.1667
user153@gmail.com,month,2026-08-01,2026-08-31,7,2,5,4,3,1,11,5,6,0.4545
user61@umindanao.edu.ph,month,2026-01-01,2026-01-31,7,1,6,2,0,2,9,1,8,0.1111
user126@example.com,month,2026-01-01,2026-01-31,6,6,0,4,4,0,10,10,0,1
user146@umindanao.edu.ph,month,2026-01-01,2026-01-31,1,1,0,5,3,2,6,4,2,0.6667
user142@gmail.com,year,2024-01-01,2024-12-31,1,1,0,3,3,0,4,4,0,1
user241@umindanao.edu.ph,month,2026-08-01,2026-08-31,5,4,1,7,5,2,12,9,3,0.75
user43@gmail.com,month,2026-02-01,2026-02-28,2,0,2,6,4,2,8,4,4,0.5
user98@example.com,year,2026-01-01,2026-12-31,4,1,3,5,1,4,9,2,7,0.2222
user68@umindanao.edu.ph,month,2026-08-01,2026-08-31,5,2,3,5,1,4,10,3,7,0.3
user72@umindanao.edu.ph,month,2026-04-01,2026-04-30,6,0,6,6,2,4,12,2,10,0.1667
user154@umindanao.edu.ph,month,2026-11-01,2026-11-30,5,2,3,6,3,3,11,5,6,0.4545
user192@gmail.com,month,2026-07-01,2026-07-31,6,2,4,6,0,6,12,2,10,0.1667
user5@umindanao.edu.ph,month,2026-07-01,2026-07-31,2,1,1,3,1,2,5,2,3,0.4
user162@umindanao.edu.ph,year,2024-01-01,2024-12-31,2,2,0,1,0,1,3,2,1,0.6667
user264@umindanao.edu.ph,month,2026-01-01,2026-01-31,1,1,0,6,0,6,7,1,6,0.1429
user49@umindanao.edu.ph,year,2026-01-01,2026-12-31,6,5,1,0,0,0,6,5,1,0.8333
user248@example.com,month,2026-12-01,2026-12-31,6,5,1,2,1,1,8,6,2,0.75
user112@example.com,year,2024-01-01,2024-12-31,3,2,1,3,1,2,6,3,3,0.5
user265@example.com,month,2026-10-01,2026-10-31,7,3,4,2,1,1,9,4,5,0.4444
user178@gmail.com,month,2026-11-01,2026-11-30,4,3,1,1,1,0,5,4,1,0.8
user9@example.com,month,2026-06-01,2026-06-30,3,2,1,0,0,0,3,2,1,0.6667
user52@example.com,year,2025-01-01,2025-12-31,6,2,4,0,0,0,6,2,4,0.3333
user199@gmail.com,month,2026-10-01,2026-10-31,6,5,1,1,1,0,7,6,1,0.8571
user76@example.com,month,2026-04-01,2026-04-30,1,1,0,5,2,3,6,3,3,0.5
user255@umindanao.edu.ph,year,2024-01-01,2024-12-31,1,1,0,3,3,0,4,4,0,1
user141@umindanao.edu.ph,year,2026-01-01,2026-12-31,5,1,4,4,3,1,9,4,5,0.4444
user85@gmail.com,month,2026-03-01,2026-03-31,1,1,0,7,2,5,8,3,5,0.375
user52@umindanao.edu.ph,month,2026-09-01,2026-09-30,0,0,0,1,0,1,1,0,1,0
user198@gmail.com,month,2026-02-01,2026-02-28,4,0,4,2,2,0,6,2,4,0.3333
user165@example.com,year,2026-01-01,2026-12-31,2,0,2,0,0,0,2,0,2,0
user58@umindanao.edu.ph,year,2025-01-01,2025-12-31,2,2,0,5,0,5,7,2,5,0.2857
user96@umindanao.edu.ph,month,2026-09-01,2026-09-30,6,3,3,1,0,1,7,3,4,0.4286
user128@example.com,year,2024-01-01,2024-12-31,4,4,0,7,5,2,11,9,2,0.8182
user118@example.com,year,2024-01-01,2024-12-31,2,2,0,0,0,0,2,2,0,1
user235@gmail.com,month,2026-10-01,2026-10-31,4,0,4,7,0,7,11,0,11,0
user201@example.com,year,2026-01-01,2026-12-31,2,1,1,3,2,1,5,3,2,0.6
user134@gmail.com,month,2026-07-01,2026-07-31,1,1,0,2,1,1,3,2,1,0.6667
user230@example.com,year,2024-01-01,2024-12-31,1,0,1,7,0,7,8,0,8,0
user183@gmail.com,year,2025-01-01,2025-12-31,0,0,0,5,0,5,5,0,5,0
user149@example.com,month,2026-05-01,2026-05-31,4,2,2,0,0,0,4,2,2,0.5
user134@example.com,month,2026-02-01,2026-02-28,1,0,1,5,2,3,6,2,4,0.3333
user182@umindanao.edu.ph,year,2026-01-01,2026-12-31,4,1,3,0,0,0,4,1,3,0.25
user96@umindanao.edu.ph,month,2026-07-01,2026-07-31,4,0,4,7,4,3,11,4,7,0.3636
user6@gmail.com,year,2026-01-01,2026-12-31,4,2,2,1,0,1,5,2,3,0.4
user249@example.com,month,2026-01-01,2026-01-31,0,0,0,4,0,4,4,0,4,0
user298@gmail.com,year,2025-01-01,2025-12-31,0,0,0,5,3,2,5,3,2,0.6
user143@umindanao.edu.ph,month,2026-06-01,2026-06-30,4,1,3,7,0,7,11,1,10,0.0909
user221@umindanao.edu.ph,month,2026-07-01,2026-07-31,0,0,0,7,4,3,7,4,3,0.5714
user35@gmail.com,month,2026-01-01,2026-01-31,1,1,0,7,7,0,8,8,0,1
user204@umindanao.edu.ph,month,2026-05-01,2026-05-31,4,4,0,5,4,1,9,8,1,0.8889
user97@gmail.com,month,2026-01-01,2026-01-31,7,3,4,6,1,5,13,4,9,0.3077
user186@example.com,year,2026-01-01,2026-12-31,0,0,0,4,2,2,4,2,2,0.5
user214@umindanao.edu.ph,month,2026-11-01,2026-11-30,3,0,3,3,0,3,6,0,6,0
user149@umindanao.edu.ph,year,2025-01-01,2025-12-31,5,2,3,1,0,1,6,2,4,0.3333
user26@example.com,year,2024-01-01,2024-12-31,5,3,2,7,6,1,12,9,3,0.75
user299@umindanao.edu.ph,year,2026-01-01,2026-12-31,6,4,2,4,4,0,10,8,2,0.8
user269@gmail.com,year,2026-01-01,2026-12-31,6,4,2,6,5,1,12,9,3,0.75
user4@example.com,month,2026-02-01,2026-02-28,4,0,4,4,1,3,8,1,7,0.125
user43@gmail.com,year,2026-01-01,2026-12-31,6,3,3,1,1,0,7,4,3,0.5714
user195@gmail.com,year,2024-01-01,2024-12-31,4,0,4,5,4,1,9,4,5,0.4444
user202@example.com,year,2026-01-01,2026-12-31,6,3,3,3,3,0,9,6,3,0.6667
user190@example.com,year,2025-01-01,2025-12-31,4,2,2,5,5,0,9,7,2,0.7778
user187@example.com,month,2026-12-01,2026-12-31,2,1,1,6,3,3,8,4,4,0.5
user242@example.com,month,2026-07-01,2026-07-31,3,2,1,2,0,2,5,2,3,0.4
user120@gmail.com,month,2026-07-01,2026-07-31,6,3,3,4,4,0,10,7,3,0.7
user157@umindanao.edu.ph,year,2025-01-01,2025-12-31,7,2,5,3,1,2,10,3,7,0.3
user250@umindanao.edu.ph,year,2024-01-01,2024-12-31,2,1,1,5,2,3,7,3,4,0.4286
user121@umindanao.edu.ph,year,2024-01-01,2024-12-31,0,0,0,0,0,0,0,0,0,0
user261@umindanao.edu.ph,month,2026-04-01,2026-04-30,4,0,4,0,0,0,4,0,4,0
user177@umindanao.edu.ph,year,2025-01-01,2025-12-31,5,1,4,7,0,7,12,1,11,0.0833
user197@umindanao.edu.ph,month,2026-07-01,2026-07-31,1,0,1,6,2,4,7,2,5,0.2857
user80@example.com,month,2026-03-01,2026-03-31,3,1,2,0,0,0,3,1,2,0.3333
user120@umindanao.edu.ph,month,2026-02-01,2026-02-28,3,1,2,3,0,3,6,1,5,0.1667
user60@umindanao.edu.ph,year,2024-01-01,2024-12-31,0,0,0,7,3,4,7,3,4,0.4286
user147@gmail.com,month,2026-09-01,2026-09-30,4,0,4,5,1,4,9,1,8,0.1111
user107@gmail.com,year,2025-01-01,2025-12-31,0,0,0,5,0,5,5,0,5,0
user116@example.com,month,2026-05-01,2026-05-31,7,3,4,6,2,4,13,5,8,0.3846
user167@example.com,month,2026-10-01,2026-10-31,3,2,1,4,4,0,7,6,1,0.8571
user176@umindanao.edu.ph,month,2026-12-01,2026-12-31,7,6,1,2,2,0,9,8,1,0.8889
user241@umindanao.edu.ph,year,2026-01-01,2026-12-31,6,5,1,1,1,0,7,6,1,0.8571
user160@umindanao.edu.ph,year,2024-01-01,2024-12-31,5,4,1,7,2,5,12,6,6,0.5
user11@umindanao.edu.ph,year,2024-01-01,2024-12-31,2,0,2,7,6,1,9,6,3,0.6667
user268@umindanao.edu.ph,month,2026-05-01,2026-05-31,1,1,0,0,0,0,1,1,0,1
user109@umindanao.edu.ph,month,2026-08-01,2026-08-31,5,0,5,4,3,1,9,3,6,0.3333
user36@example.com,year,2024-01-01,2024-12-31,3,0,3,0,0,0,3,0,3,0
user250@umindanao.edu.ph,year,2025-01-01,2025-12-31,1,0,1,6,6,0,7,6,1,0.8571
user116@gmail.com,year,2026-01-01,2026-12-31,3,1,2,7,5,2,10,6,4,0.6
user216@umindanao.edu.ph,year,2024-01-01,2024-12-31,0,0,0,4,2,2,4,2,2,0.5
user89@example.com,month,2026-03-01,2026-03-31,1,0,1,4,1,3,5,1,4,0.2
user249@example.com,month,2026-11-01,2026-11-30,0,0,0,1,1,0,1,1,0,1
user65@example.com,year,2024-01-01,2024-12-31,5,2,3,5,3,2,10,5,5,0.5
user38@gmail.com,year,2025-01-01,2025-12-31,7,1,6,7,2,5,14,3,11,0.2143
user129@umindanao.edu.ph,month,2026-01-01,2026-01-31,3,1,2,2,2,0,5,3,2,0.6
user290@umindanao.edu.ph,year,2025-01-01,2025-12-31,4,3,1,4,1,3,8,4,4,0.5
user279@gmail.com,year,2026-01-01,2026-12-31,6,2,4,6,6,0,12,8,4,0.6667
user2@example.com,year,2025-01-01,2025-12-31,2,1,1,4,2,2,6,3,3,0.5
user150@umindanao.edu.ph,month,2026-06-01,2026-06-30,2,2,0,2,0,2,4,2,2,0.5
user91@umindanao.edu.ph,month,2026-10-01,2026-10-31,0,0,0,2,1,1,2,1,1,0.5
user132@umindanao.edu.ph,year,2026-01-01,2026-12-31,3,2,1,4,0,4,7,2,5,0.2857
user80@gmail.com,year,2025-01-01,2025-12-31,3,0,3,2,0,2,5,0,5,0
user64@umindanao.edu.ph,month,2026-02-01,2026-02-28,3,1,2,0,0,0,3,1,2,0.3333
user33@gmail.com,month,2026-10-01,2026-10-31,2,1,1,7,3,4,9,4,5,0.4444
user286@gmail.com,year,2025-01-01,2025-12-31,2,0,2,0,0,0,2,0,2,0
user244@gmail.com,year,2024-01-01,2024-12-31,5,5,0,6,4,2,11,9,2,0.8182
user250@example.com,month,2026-10-01,2026-10-31,4,1,3,3,1,2,7,2,5,0.2857
user230@umindanao.edu.ph,year,2024-01-01,2024-12-31,0,0,0,4,4,0,4,4,0,1
user76@example.com,month,2026-12-01,2026-12-31,2,0,2,5,4,1,7,4,3,0.5714
user232@gmail.com,month,2026-06-01,2026-06-30,0,0,0,5,2,3,5,2,3,0.4
user265@example.com,year,2024-01-01,2024-12-31,6,6,0,1,1,0,7,7,0,1
user243@example.com,year,2025-01-01,2025-12-31,4,3,1,2,2,0,6,5,1,0.8333
user158@umindanao.edu.ph,month,2026-02-01,2026-02-28,3,3,0,0,0,0,3,3,0,1
user23@gmail.com,year,2026-01-01,2026-12-31,4,2,2,3,2,1,7,4,3,0.5714
user140@example.com,month,2026-01-01,2026-01-31,1,0,1,5,2,3,6,2,4,0.3333
user188@umindanao.edu.ph,year,2026-01-01,2026-12-31,2,1,1,0,0,0,2,1,1,0.5
user100@gmail.com,month,2026-04-01,2026-04-30,7,1,6,6,2,4,13,3,10,0.2308
user224@gmail.com,year,2026-01-01,2026-12-31,3,0,3,6,4,2,9,4,5,0.4444
user61@gmail.com,year,2026-01-01,2026-12-31,1,0,1,7,3,4,8,3,5,0.375
user288@umindanao.edu.ph,month,2026-09-01,2026-09-30,5,0,5,5,5,0,10,5,5,0.5
user131@umindanao.edu.ph,month,2026-09-01,2026-09-30,6,3,3,3,0,3,9,3,6,0.3333
user282@example.com,month,2026-12-01,2026-12-31,6,4,2,7,6,1,13,10,3,0.7692
user239@gmail.com,year,2026-01-01,2026-12-31,3,3,0,3,3,0,6,6,0,1
user269@umindanao.edu.ph,year,2024-01-01,2024-12-31,5,5,0,5,3,2,10,8,2,0.8
user8@gmail.com,month,2026-05-01,2026-05-31,4,2,2,7,6,1,11,8,3,0.7273
user152@gmail.com,month,2026-02-01,2026-02-28,3,1,2,4,4,0,7,5,2,0.7143
user100@umindanao.edu.ph,month,2026-09-01,2026-09-30,0,0,0,7,4,3,7,4,3,0.5714
user64@umindanao.edu.ph,year,2025-01-01,2025-12-31,3,2,1,2,2,0,5,4,1,0.8
user196@umindanao.edu.ph,month,2026-05-01,2026-05-31,3,0,3,3,3,0,6,3,3,0.5
user138@umindanao.edu.ph,year,2024-01-01,2024-12-31,3,2,1,6,4,2,9,6,3,0.6667
user7@umindanao.edu.ph,month,2026-11-01,2026-11-30,6,4,2,6,6,0,12,10,2,0.8333
user46@example.com,year,2025-01-01,2025-12-31,1,1,0,3,1,2,4,2,2,0.5
user176@gmail.com,year,2025-01-01,2025-12-31,6,6,0,1,0,1,7,6,1,0.8571
user137@example.com,year,2026-01-01,2026-12-31,5,3,2,2,2,0,7,5,2,0.7143
user57@umindanao.edu.ph,year,2024-01-01,2024-12-31,5,2,3,2,2,0,7,4,3,0.5714
user3@gmail.com,year,2026-01-01,2026-12-31,1,1,0,6,0,6,7,1,6,0.1429
user291@example.com,year,2025-01-01,2025-12-31,6,2,4,5,3,2,11,5,6,0.4545
user15@umindanao.edu.ph,month,2026-08-01,2026-08-31,0,0,0,5,0,5,5,0,5,0
user184@umindanao.edu.ph,month,2026-08-01,2026-08-31,1,1,0,2,0,2,3,1,2,0.3333
user31@umindanao.edu.ph,year,2026-01-01,2026-12-31,4,2,2,0,0,0,4,2,2,0.5
user2@gmail.com,year,2025-01-01,2025-12-31,6,6,0,6,5,1,12,11,1,0.9167
user132@example.com,year,2024-01-01,2024-12-31,6,1,5,1,0,1,7,1,6,0.1429
user101@umindanao.edu.ph,month,2026-01-01,2026-01-31,4,1,3,0,0,0,4,1,3,0.25
user72@gmail.com,year,2026-01-01,2026-12-31,0,0,0,5,3,2,5,3,2,0.6
user68@umindanao.edu.ph,month,2026-08-01,2026-08-31,3,0,3,1,1,0,4,1,3,0.25
user253@umindanao.edu.ph,month,2026-01-01,2026-01-31,1,1,0,4,2,2,5,3,2,0.6
user258@example.com,month,2026-02-01,2026-02-28,4,1,3,7,2,5,11,3,8,0.2727
user256@gmail.com,year,2026-01-01,2026-12-31,2,0,2,7,6,1,9,6,3,0.6667
user279@example.com,year,2026-01-01,2026-12-31,3,2,1,4,4,0,7,6,1,0.8571
user111@umindanao.edu.ph,month,2026-08-01,2026-08-31,1,0,1,7,0,7,8,0,8,0
user35@example.com,month,2026-09-01,2026-09-30,4,3,1,6,3,3,10,6,4,0.6
user256@umindanao.edu.ph,year,2024-01-01,2024-12-31,3,1,2,6,4,2,9,5,4,0.5556
user39@umindanao.edu.ph,month,2026-07-01,2026-07-31,2,1,1,2,2,0,4,3,1,0.75
user126@umindanao.edu.ph,month,2026-04-01,2026-04-30,6,6,0,6,1,5,12,7,5,0.5833
user291@umindanao.edu.ph,month,2026-01-01,2026-01-31,4,0,4,4,4,0,8,4,4,0.5
user123@gmail.com,year,2026-01-01,2026-12-31,0,0,0,5,4,1,5,4,1,0.8
user280@gmail.com,year,2026-01-01,2026-12-31,1,0,1,0,0,0,1,0,1,0
user69@umindanao.edu.ph,year,2024-01-01,2024-12-31,5,5,0,5,3,2,10,8,2,0.8
user158@example.com,year,2026-01-01,2026-12-31,2,1,1,0,0,0,2,1,1,0.5
user186@example.com,year,2025-01-01,2025-12-31,2,1,1,2,2,0,4,3,1,0.75
user5@umindanao.edu.ph,month,2026-08-01,2026-08-31,7,3,4,3,1,2,10,4,6,0.4
user212@gmail.com,year,2024-01-01,2024-12-31,5,4,1,5,3,2,10,7,3,0.7
user103@example.com,month,2026-11-01,2026-11-30,6,5,1,5,3,2,11,8,3,0.7273
user72@umindanao.edu.ph,year,2025-01-01,2025-12-31,3,1,2,6,0,6,9,1,8,0.1111
user116@umindanao.edu.ph,month,2026-08-01,2026-08-31,1,1,0,5,3,2,6,4,2,0.6667
user53@example.com,year,2025-01-01,2025-12-31,7,1,6,7,5,2,14,6,8,0.4286
user126@gmail.com,year,2026-01-01,2026-12-31,0,0,0,5,2,3,5,2,3,0.4
user32@gmail.com,month,2026-06-01,2026-06-30,3,1,2,4,4,0,7,5,2,0.7143
user146@example.com,year,2025-01-01,2025-12-31,7,2,5,2,0,2,9,2,7,0.2222
user73@gmail.com,year,2025-01-01,2025-12-31,5,2,3,0,0,0,5,2,3,0.4
user153@umindanao.edu.ph,month,2026-03-01,2026-03-31,2,1,1,4,1,3,6,2,4,0.3333
user227@umindanao.edu.ph,year,2025-01-01,2025-12-31,4,0,4,4,1,3,8,1,7,0.125
user10@gmail.com,year,2024-01-01,2024-12-31,3,2,1,0,0,0,3,2,1,0.6667
user145@gmail.com,year,2025-01-01,2025-12-31,1,1,0,3,3,0,4,4,0,1
user117@gmail.com,year,2024-01-01,2024-12-31,6,1,5,7,3,4,13,4,9,0.3077
user265@umindanao.edu.ph,year,2025-01-01,2025-12-31,4,4,0,6,5,1,10,9,1,0.9
user73@example.com,month,2026-01-01,2026-01-31,2,2,0,7,6,1,9,8,1,0.8889
user69@gmail.com,month,2026-08-01,2026-08-31,5,2,3,6,6,0,11,8,3,0.7273
user204@example.com,month,2026-04-01,2026-04-30,5,1,4,5,5,0,10,6,4,0.6
user282@gmail.com,year,2026-01-01,2026-12-31,4,2,2,0,0,0,4,2,2,0.5
user164@gmail.com,month,2026-06-01,2026-06-30,1,0,1,6,2,4,7,2,5,0.2857
user63@example.com,year,2025-01-01,2025-12-31,3,0,3,1,1,0,4,1,3,0.25
user245@umindanao.edu.ph,month,2026-12-01,2026-12-31,2,1,1,4,1,3,6,2,4,0.3333
user221@umindanao.edu.ph,month,2026-09-01,2026-09-30,2,0,2,4,3,1,6,3,3,0.5
user183@example.com,month,2026-11-01,2026-11-30,7,0,7,4,3,1,11,3,8,0.2727
user191@gmail.com,year,2025-01-01,2025-12-31,7,6,1,5,0,5,12,6,6,0.5
user189@example.com,year,2024-01-01,2024-12-31,2,0,2,2,1,1,4,1,3,0.25
user255@gmail.com,month,2026-09-01,2026-09-30,5,2,3,2,0,2,7,2,5,0.2857
user15@example.com,month,2026-09-01,2026-09-30,4,3,1,7,5,2,11,8,3,0.7273
user32@gmail.com,year,2026-01-01,2026-12-31,7,5,2,2,2,0,9,7,2,0.7778
user187@example.com,year,2024-01-01,2024-12-31,4,4,0,1,0,1,5,4,1,0.8
user233@umindanao.edu.ph,year,2025-01-01,2025-12-31,7,7,0,4,3,1,11,10,1,0.9091
user5@umindanao.edu.ph,year,2024-01-01,2024-12-31,7,3,4,4,4,0,11,7,4,0.6364
user81@umindanao.edu.ph,year,2025-01-01,2025-12-31,4,2,2,6,5,1,10,7,3,0.7
user61@example.com,year,2024-01-01,2024-12-31,6,5,1,7,1,6,13,6,7,0.4615
user299@example.com,year,2026-01-01,2026-12-31,0,0,0,7,1,6,7,1,6,0.1429
user73@example.com,month,2026-04-01,2026-04-30,7,5,2,5,5,0,12,10,2,0.8333
user114@example.com,year,2025-01-01,2025-12-31,5,5,0,7,0,7,12,5,7,0.4167
user206@example.com,month,2026-02-01,2026-02-28,4,2,2,7,6,1,11,8,3,0.7273
user177@umindanao.edu.ph,month,2026-01-01,2026-01-31,6,5,1,0,0,0,6,5,1,0.8333
user204@gmail.com,month,2026-04-01,2026-04-30,0,0,0,1,0,1,1,0,1,0
user141@example.com,month,2026-09-01,2026-09-30,0,0,0,5,5,0,5,5,0,1
user132@gmail.com,year,2025-01-01,2025-12-31,6,3,3,3,1,2,9,4,5,0.4444
user139@umindanao.edu.ph,year,2024-01-01,2024-12-31,3,1,2,2,1,1,5,2,3,0.4
user172@gmail.com,month,2026-12-01,2026-12-31,4,0,4,5,5,0,9,5,4,0.5556
user139@gmail.com,month,2026-10-01,2026-10-31,4,0,4,0,0,0,4,0,4,0
user245@umindanao.edu.ph,month,2026-06-01,2026-06-30,4,3,1,6,6,0,10,9,1,0.9
user72@gmail.com,month,2026-05-01,2026-05-31,2,0,2,3,1,2,5,1,4,0.2
user190@umindanao.edu.ph,year,2026-01-01,2026-12-31,6,0,6,1,0,1,7,0,7,0
user125@gmail.com,year,2025-01-01,2025-12-31,1,1,0,0,0,0,1,1,0,1
user196@umindanao.edu.ph,month,2026-02-01,2026-02-28,7,0,7,0,0,0,7,0,7,0
user244@example.com,month,2026-05-01,2026-05-31,1,1,0,7,7,0,8,8,0,1
user87@gmail.com,month,2026-11-01,2026-11-30,3,0,3,2,1,1,5,1,4,0.2
user237@umindanao.edu.ph,month,2026-07-01,2026-07-31,1,1,0,6,5,1,7,6,1,0.8571
user189@umindanao.edu.ph,year,2026-01-01,2026-12-31,0,0,0,3,2,1,3,2,1,0.6667
user115@gmail.com,year,2024-01-01,2024-12-31,0,0,0,5,1,4,5,1,4,0.2
user144@example.com,month,2026-11-01,2026-11-30,6,3,3,7,6,1,13,9,4,0.6923
user164@gmail.com,year,2026-01-01,2026-12-31,5,2,3,6,2,4,11,4,7,0.3636
user24@gmail.com,month,2026-08-01,2026-08-31,0,0,0,6,1,5,6,1,5,0.1667
user69@umindanao.edu.ph,month,2026-06-01,2026-06-30,6,0,6,0,0,0,6,0,6,0
user54@umindanao.edu.ph,year,2026-01-01,2026-12-31,7,3,4,6,3,3,13,6,7,0.4615
user147@umindanao.edu.ph,month,2026-12-01,2026-12-31,7,3,4,1,1,0,8,4,4,0.5
user78@umindanao.edu.ph,year,2024-01-01,2024-12-31,0,0,0,1,0,1,1,0,1,0
user231@gmail.com,month,2026-02-01,2026-02-28,4,1,3,4,2,2,8,3,5,0.375
user5@gmail.com,month,2026-05-01,2026-05-31,0,0,0,5,1,4,5,1,4,0.2
user243@gmail.com,year,2024-01-01,2024-12-31,5,2,3,4,2,2,9,4,5,0.4444
user148@example.com,year,2025-01-01,2025-12-31,3,1,2,4,0,4,7,1,6,0.1429
user84@gmail.com,month,2026-12-01,2026-12-31,2,2,0,5,2,3,7,4,3,0.5714
user138@gmail.com,month,2026-07-01,2026-07-31,5,3,2,7,1,6,12,4,8,0.3333
user29@umindanao.edu.ph,year,2024-01-01,2024-12-31,6,4,2,5,5,0,11,9,2,0.8182
user282@example.com,year,2024-01-01,2024-12-31,5,5,0,2,0,2,7,5,2,0.7143
user254@gmail.com,month,2026-08-01,2026-08-31,7,3,4,2,2,0,9,5,4,0.5556
user25@umindanao.edu.ph,year,2024-01-01,2024-12-31,4,4,0,6,6,0,10,10,0,1
user32@gmail.com,month,2026-08-01,2026-08-31,3,3,0,4,2,2,7,5,2,0.7143
user17@umindanao.edu.ph,month,2026-06-01,2026-06-30,5,0,5,5,0,5,10,0,10,0
user35@umindanao.edu.ph,month,2026-03-01,2026-03-31,1,1,0,1,0,1,2,1,1,0.5
user224@example.com,month,2026-07-01,2026-07-31,0,0,0,0,0,0,0,0,0,0
user238@example.com,year,2026-01-01,2026-12-31,3,1,2,5,5,0,8,6,2,0.75
user49@example.com,year,2025-01-01,2025-12-31,5,0,5,0,0,0,5,0,5,0
user284@example.com,month,2026-07-01,2026-07-31,2,1,1,6,2,4,8,3,5,0.375
user272@gmail.com,year,2024-01-01,2024-12-31,2,1,1,5,2,3,7,3,4,0.4286
user3@gmail.com,year,2024-01-01,2024-12-31,1,0,1,0,0,0,1,0,1,0
user21@gmail.com,year,2024-01-01,2024-12-31,2,1,1,5,4,1,7,5,2,0.7143
user210@umindanao.edu.ph,month,2026-10-01,2026-10-31,6,6,0,1,1,0,7,7,0,1
user227@gmail.com,month,2026-04-01,2026-04-30,2,2,0,5,1,4,7,3,4,0.4286
user258@umindanao.edu.ph,year,2024-01-01,2024-12-31,2,1,1,0,0,0,2,1,1,0.5
user33@example.com,year,2024-01-01,2024-12-31,6,0,6,4,3,1,10,3,7,0.3
user272@example.com,year,2026-01-01,2026-12-31,0,0,0,7,5,2,7,5,2,0.7143
user17@umindanao.edu.ph,year,2026-01-01,2026-12-31,4,4,0,6,0,6,10,4,6,0.4
user2@gmail.com,month,2026-03-01,2026-03-31,4,1,3,1,1,0,5,2,3,0.4
user48@gmail.com,year,2026-01-01,2026-12-31,0,0,0,5,3,2,5,3,2,0.6
user158@example.com,month,2026-09-01,2026-09-30,5,2,3,4,3,1,9,5,4,0.5556
user249@gmail.com,month,2026-03-01,2026-03-31,4,2,2,1,0,1,5,2,3,0.4
user136@gmail.com,year,2026-01-01,2026-12-31,0,0,0,3,2,1,3,2,1,0.6667
user107@gmail.com,year,2025-01-01,2025-12-31,6,2,4,7,6,1,13,8,5,0.6154
user270@gmail.com,month,2026-04-01,2026-04-30,6,2,4,2,0,2,8,2,6,0.25
user30@example.com,year,2025-01-01,2025-12-31,3,0,3,7,1,6,10,1,9,0.1
user277@umindanao.edu.ph,year,2024-01-01,2024-12-31,2,2,0,7,3,4,9,5,4,0.5556
user196@umindanao.edu.ph,month,2026-08-01,2026-08-31,1,0,1,2,2,0,3,2,1,0.6667
user169@example.com,month,2026-10-01,2026-10-31,3,1,2,1,0,1,4,1,3,0.25
user246@example.com,month,2026-04-01,2026-04-30,5,4,1,1,0,1,6,4,2,0.6667
user214@example.com,month,2026-02-01,2026-02-28,5,5,0,1,0,1,6,5,1,0.8333
user198@umindanao.edu.ph,month,2026-05-01,2026-05-31,3,2,1,1,1,0,4,3,1,0.75
user88@example.com,month,2026-01-01,2026-01-31,0,0,0,7,7,0,7,7,0,1
user17@gmail.com,month,2026-06-01,2026-06-30,3,3,0,6,2,4,9,5,4,0.5556
user215@gmail.com,month,2026-04-01,2026-04-30,0,0,0,3,1,2,3,1,2,0.3333
user93@example.com,month,2026-10-01,2026-10-31,0,0,0,2,2,0,2,2,0,1
user255@example.com,year,2025-01-01,2025-12-31,2,2,0,7,3,4,9,5,4,0.5556
user184@gmail.com,year,2026-01-01,2026-12-31,0,0,0,5,4,1,5,4,1,0.8
user298@umindanao.edu.ph,month,2026-12-01,2026-12-31,4,0,4,4,1,3,8,1,7,0.125
user241@umindanao.edu.ph,month,2026-05-01,2026-05-31,4,1,3,2,0,2,6,1,5,0.1667
user254@example.com,year,2026-01-01,2026-12-31,4,0,4,6,2,4,10,2,8,0.2
user110@example.com,month,2026-11-01,2026-11-30,6,2,4,1,0,1,7,2,5,0.2857
user250@example.com,month,2026-12-01,2026-12-31,1,0,1,5,1,4,6,1,5,0.1667
user167@example.com,year,2025-01-01,2025-12-31,1,1,0,0,0,0,1,1,0,1
user11@umindanao.edu.ph,year,2025-01-01,2025-12-31,0,0,0,7,1,6,7,1,6,0.1429
user268@gmail.com,year,2024-01-01,2024-12-31,0,0,0,3,3,0,3,3,0,1
user217@example.com,year,2025-01-01,2025-12-31,6,2,4,0,0,0,6,2,4,0.3333
user193@example.com,year,2024-01-01,2024-12-31,2,0,2,5,5,0,7,5,2,0.7143
user74@gmail.com,month,2026-10-01,2026-10-31,7,1,6,1,1,0,8,2,6,0.25
user90@example.com,year,2024-01-01,2024-12-31,2,0,2,6,5,1,8,5,3,0.625
user132@example.com,year,2024-01-01,2024-12-31,2,0,2,2,2,0,4,2,2,0.5
user238@gmail.com,year,2024-01-01,2024-12-31,5,4,1,7,0,7,12,4,8,0.3333
user217@gmail.com,month,2026-05-01,2026-05-31,7,1,6,5,4,1,12,5,7,0.4167
user88@umindanao.edu.ph,year,2025-01-01,2025-12-31,1,1,0,7,0,7,8,1,7,0.125
user111@umindanao.edu.ph,year,2026-01-01,2026-12-31,3,1,2,7,1,6,10,2,8,0.2
user127@umindanao.edu.ph,year,2025-01-01,2025-12-31,0,0,0,3,2,1,3,2,1,0.6667
user163@umindanao.edu.ph,year,2026-01-01,2026-12-31,3,0,3,0,0,0,3,0,3,0
user10@example.com,month,2026-06-01,2026-06-30,3,0,3,1,1,0,4,1,3,0.25
user126@gmail.com,month,2026-02-01,2026-02-28,5,0,5,5,1,4,10,1,9,0.1
user86@gmail.com,month,2026-07-01,2026-07-31,4,1,3,5,4,1,9,5,4,0.5556
user79@gmail.com,year,2024-01-01,2024-12-31,7,7,0,0,0,0,7,7,0,1
user208@example.com,year,2024-01-01,2024-12-31,5,0,5,2,0,2,7,0,7,0
user69@umindanao.edu.ph,year,2025-01-01,2025-12-31,2,1,1,1,1,0,3,2,1,0.6667
user93@example.com,month,2026-09-01,2026-09-30,2,0,2,2,2,0,4,2,2,0.5
user13@umindanao.edu.ph,year,2026-01-01,2026-12-31,6,6,0,0,0,0,6,6,0,1
user164@gmail.com,year,2026-01-01,2026-12-31,3,0,3,3,2,1,6,2,4,0.3333
user247@example.com,month,2026-07-01,2026-07-31,6,5,1,4,3,1,10,8,2,0.8
user160@example.com,month,2026-02-01,2026-02-28,2,2,0,2,1,1,4,3,1,0.75
user115@example.com,month,2026-08-01,2026-08-31,2,0,2,4,3,1,6,3,3,0.5
user52@example.com,year,2025-01-01,2025-12-31,6,4,2,7,1,6,13,5,8,0.3846
user174@gmail.com,month,2026-02-01,2026-02-28,5,4,1,4,1,3,9,5,4,0.5556
user67@gmail.com,year,2026-01-01,2026-12-31,7,3,4,0,0,0,7,3,4,0.4286
user93@umindanao.edu.ph,month,2026-09-01,2026-09-30,7,7,0,6,4,2,13,11,2,0.8462
user161@example.com,month,2026-08-01,2026-08-31,0,0,0,7,3,4,7,3,4,0.4286
user238@gmail.com,month,2026-12-01,2026-12-31,3,1,2,3,1,2,6,2,4,0.3333
